text,favorited,favoriteCount,replyToSN,created,truncated,replyToSID,id,replyToUID,statusSource,screenName,retweetCount,isRetweet,retweeted,longitude,latitude
Over the flu like bug and getting treatment for this acute back strain! I?m coming back! @? https://t.co/bmNFko1F1B,FALSE,2,NA,2/27/2018 16:31,FALSE,NA,9.69E+17,NA,"<a href=\http://instagram.com\"" rel=\""nofollow\"">Instagram</a>""",egwilliams220,0,FALSE,FALSE,-83.2331,42.5378
From my first hike since getting the flu. #thatwasrough #flu2018  #letthemucusstop @ Flat Rock? https://t.co/7Z4CZEIyzP,FALSE,0,NA,2/27/2018 15:30,FALSE,NA,9.69E+17,NA,"<a href=\http://instagram.com\"" rel=\""nofollow\"">Instagram</a>""",rshersnow,0,FALSE,FALSE,-71.824539,42.600449
"I'm at FLU GYM (fitness,cardio) in Yatagan https://t.co/hJDc1eg8na",FALSE,0,NA,2/27/2018 15:18,FALSE,NA,9.69E+17,NA,"<a href=\http://foursquare.com\"" rel=\""nofollow\"">Foursquare</a>""",gzem48,0,FALSE,FALSE,28.14127407,37.34331399
"With so many children dying with the flu <ed><U+00A0><U+00BD><ed><U+00B8><U+00B7> &amp; strep throat, who made a decision to do a drill &amp;? https://t.co/zM6runqEJg",FALSE,0,NA,2/27/2018 15:09,FALSE,NA,9.69E+17,NA,"<a href=\http://instagram.com\"" rel=\""nofollow\"">Instagram</a>""",pastorinthehood,0,FALSE,FALSE,-94.35522079,36.98678566
Flu! Taxes! McDonald?s! @ WHO Radio https://t.co/KEPeo6xNI3,FALSE,0,NA,2/27/2018 13:40,FALSE,NA,9.68E+17,NA,"<a href=\http://instagram.com\"" rel=\""nofollow\"">Instagram</a>""",JeffAngeloRadio,0,FALSE,FALSE,-93.64667,41.58513
"Flu? <ed><U+00A0><U+00BD><ed><U+00B8><U+00B7> (at @NuSentral in Kuala Lumpur, WP Kuala Lumpur) https://t.co/GUwfY3WzOg",FALSE,0,NA,2/27/2018 10:57,FALSE,NA,9.68E+17,NA,"<a href=\http://foursquare.com\"" rel=\""nofollow\"">Foursquare</a>""",kkhaizulaikha,0,FALSE,FALSE,101.6870523,3.1335784
I?ve been #gettingupearly every #morning as my #flu #wakesmeup and I can always #count on my? https://t.co/yZC9MQnPlD,FALSE,0,NA,2/27/2018 6:52,FALSE,NA,9.68E+17,NA,"<a href=\http://instagram.com\"" rel=\""nofollow\"">Instagram</a>""",redmutha,0,FALSE,FALSE,-0.188615,50.8458276
"At Mothers against influenza #MomVsFlu event at @stregismumbai
#pregnancy #pregnant #newborn #mommy #motherhood? https://t.co/drQxXyfbnW",FALSE,1,NA,2/27/2018 6:50,TRUE,NA,9.68E+17,NA,"<a href=\http://twitter.com/download/android\"" rel=\""nofollow\"">Twitter for Android</a>""",makeupreviewblg,1,FALSE,FALSE,72.8234501,18.9943759
"Buying Francesca's prescription medicines. She's got stomach flu. (@ Watsons in Ortigas Ave., Pasig City) https://t.co/Vx3q58fSYw",FALSE,0,NA,2/27/2018 5:51,FALSE,NA,9.68E+17,NA,"<a href=\http://foursquare.com\"" rel=\""nofollow\"">Foursquare</a>""",lbhurtado,0,FALSE,FALSE,121.0690742,14.58977828
Geez it's freezing here -8?C... no wonder I have a cold ( lucky not the flu)  but nether the? https://t.co/cWRZLjdNdZ,FALSE,0,NA,2/27/2018 5:43,FALSE,NA,9.68E+17,NA,"<a href=\http://instagram.com\"" rel=\""nofollow\"">Instagram</a>""",AloHuester,0,FALSE,FALSE,7,51.3833
"Flu + Black coffee + stomach aches + vertigo (@ HUANG WEI DREAMLAND 2 in Tangerang, Banten) https://t.co/nZucUvUpOF",FALSE,0,NA,2/27/2018 5:15,FALSE,NA,9.68E+17,NA,"<a href=\http://foursquare.com\"" rel=\""nofollow\"">Foursquare</a>""",laurensiusteven,0,FALSE,FALSE,106.682188,-6.1452559
Sorry everyone! Getting the flu this week set me back and I just wasn?t able to prepare anything? https://t.co/9I4lNGyOdG,FALSE,0,NA,2/27/2018 5:07,FALSE,NA,9.68E+17,NA,"<a href=\http://instagram.com\"" rel=\""nofollow\"">Instagram</a>""",DanaReminsky,0,FALSE,FALSE,-74.4064,40.9038
Bye bye flu <ed><U+00A0><U+00BD><ed><U+00B9><U+008C> grateful for my night nurse <ed><U+00A0><U+00BD><ed><U+00B2><U+008A><ed><U+00A0><U+00BE><ed><U+00B4><U+0097><U+2764> #JimBelushi @? https://t.co/UQBhjdSQ1d,FALSE,1,NA,2/27/2018 4:57,FALSE,NA,9.68E+17,NA,"<a href=\http://instagram.com\"" rel=\""nofollow\"">Instagram</a>""",talitaolaheofa,0,FALSE,FALSE,-121.1327778,37.47305556
"It?s flu season so don?t let your family shame you! 
 BEHOLD DRONE https://t.co/1qNUJTkMFL
A GEORGE J.? https://t.co/CeroN8QbRG",FALSE,0,NA,2/27/2018 4:31,FALSE,NA,9.68E+17,NA,"<a href=\http://instagram.com\"" rel=\""nofollow\"">Instagram</a>""",trustcahill,0,FALSE,FALSE,-75.13543,39.96514
"Nice place. How sad is this. #flu <ed><U+00A0><U+00BD><ed><U+00B8><U+009E> (@ Ella Dining Room &amp; Bar - @ellasac in Sacramento, CA) https://t.co/e9UOsrmQIh https://t.co/zJpre2WqeP",FALSE,2,NA,2/27/2018 3:47,FALSE,NA,9.68E+17,NA,"<a href=\http://foursquare.com\"" rel=\""nofollow\"">Foursquare</a>""",kiwiandkoala,1,FALSE,FALSE,-121.4912752,38.57866007
"lagi ga enak badan, batuk flu bersin-bersin, tapi tetep harus ngajar. mohon DOA dari seluruh? https://t.co/x2SuIAepuN",FALSE,0,NA,2/27/2018 2:30,FALSE,NA,9.68E+17,NA,"<a href=\http://instagram.com\"" rel=\""nofollow\"">Instagram</a>""",pecunk_cherbomb,0,FALSE,FALSE,107.626,-6.87982
"Got my new dancing shoes on!
Back in the gym after a month. My teaching tour and that flu kicked? https://t.co/WB2L1i3wTj",FALSE,3,NA,2/27/2018 0:58,FALSE,NA,9.68E+17,NA,"<a href=\http://instagram.com\"" rel=\""nofollow\"">Instagram</a>""",PlanetMidori,0,FALSE,FALSE,-122.3884588,37.7568997
<ed><U+00A0><U+00BE><ed><U+00B6><U+0086><ed><U+00A0><U+00BC><ed><U+00BC><U+00B1>Recovering from the flu at the moment but so excited to play<ed><U+00A0><U+00BD><ed><U+00B7><U+00BD>The New Colossus<ed><U+00A0><U+00BD><ed><U+00B7><U+00BD>at @pianosnyc? https://t.co/vPIuSgCBba,FALSE,2,NA,2/27/2018 0:36,FALSE,NA,9.68E+17,NA,"<a href=\http://instagram.com\"" rel=\""nofollow\"">Instagram</a>""",sur__back,0,FALSE,FALSE,-73.98775,40.72104
Lessons from the 1918 flu epidemic https://t.co/3KcTGAADJ3,FALSE,0,NA,2/26/2018 23:31,FALSE,NA,9.68E+17,NA,"<a href=\http://www.bubblelife.com\"" rel=\""nofollow\"">BubbleLife</a>""",BLifeSMU,0,FALSE,FALSE,-96.78469849,32.86600113
Flu has gratefully subsided...managed to make it to DC this evening for a Medtech fed policy? https://t.co/eRj2fgIdsY,FALSE,1,NA,2/26/2018 22:58,FALSE,NA,9.68E+17,NA,"<a href=\http://instagram.com\"" rel=\""nofollow\"">Instagram</a>""",samkonduros,0,FALSE,FALSE,-77.02211,38.88256
When you have Man flu <ed><U+00A0><U+00BE><ed><U+00B4><U+00A7> and feel terrible you have to trace back the cause. I blame going to? https://t.co/ZgVC1KtAAP,FALSE,0,NA,2/26/2018 22:32,FALSE,NA,9.68E+17,NA,"<a href=\http://instagram.com\"" rel=\""nofollow\"">Instagram</a>""",nathanturrell,0,FALSE,FALSE,-1.848837,50.85050729
Have some bulls**t like flu symptoms right now. I can?t let that stop me from training legs.? https://t.co/dy0TBwUuvz,FALSE,0,NA,2/26/2018 22:19,FALSE,NA,9.68E+17,NA,"<a href=\http://instagram.com\"" rel=\""nofollow\"">Instagram</a>""",sheehanchad,0,FALSE,FALSE,-75.1396886,40.1685338
Flu time. <ed><U+00A0><U+00BE><ed><U+00B4><U+00A7><ed><U+00A0><U+00BE><ed><U+00B4><U+0092><ed><U+00A0><U+00BD><ed><U+00B8><U+00B7> #becauseisaidso #movies @ Isola Design District https://t.co/v8FWio5QmB,FALSE,0,NA,2/26/2018 22:03,FALSE,NA,9.68E+17,NA,"<a href=\http://instagram.com\"" rel=\""nofollow\"">Instagram</a>""",GerganaSavova,0,FALSE,FALSE,9.18887,45.48751
Those eyes say it all <ed><U+00A0><U+00BD><ed><U+00B8><U+00B7><ed><U+00A0><U+00BD><ed><U+00B1><U+0080> #feelingyucky #flu @ The Austin Diagnostic? https://t.co/pzCE6mA1ck,FALSE,0,NA,2/26/2018 21:01,FALSE,NA,9.68E+17,NA,"<a href=\http://instagram.com\"" rel=\""nofollow\"">Instagram</a>""",reallylonglegs,0,FALSE,FALSE,-97.70642585,30.41159675
"Day 121: Flushed flu face, hanging at the office with Mom, needs a good head to toe sanitizing? https://t.co/diaO97nPsh",FALSE,0,NA,2/26/2018 20:42,FALSE,NA,9.68E+17,NA,"<a href=\http://instagram.com\"" rel=\""nofollow\"">Instagram</a>""",cjoashmore,0,FALSE,FALSE,-117.17551,34.49805
Super excited to be at #hamilton with #AliB - celebrating by washing the cold &amp; flu tablets down? https://t.co/KGJFyS8j8y,FALSE,1,NA,2/26/2018 18:48,FALSE,NA,9.68E+17,NA,"<a href=\http://instagram.com\"" rel=\""nofollow\"">Instagram</a>""",kathycaton,0,FALSE,FALSE,-0.14248967,51.49667782
Missing from the CDC.... https://t.co/7Ho7a5W4Su @KKTVGROUP,FALSE,0,NA,2/26/2018 18:00,FALSE,NA,9.68E+17,NA,"<a href=\http://www.tweetcaster.com\"" rel=\""nofollow\"">TweetCaster for Android</a>""",KKTVGROUP,0,FALSE,FALSE,-79.80190443,33.69369369
It?s been 2 weeks since i got a good workout in - no thanks to the flu + a nasty upper? https://t.co/b4sepT4ZjA,FALSE,3,NA,2/26/2018 17:06,FALSE,NA,9.68E+17,NA,"<a href=\http://instagram.com\"" rel=\""nofollow\"">Instagram</a>""",ChristaMills24,0,FALSE,FALSE,-97.238086,32.8724
"If you're looking for work in #Spokane, Washington, check out this #job: https://t.co/VWfICRYndb #Government #Hiring #CareerArc",FALSE,0,NA,2/26/2018 16:08,FALSE,NA,9.68E+17,NA,"<a href=\http://www.tweetmyjobs.com\"" rel=\""nofollow\"">TweetMyJOBS</a>""",tmj_WAK_GOVERN,0,FALSE,FALSE,-117.4260093,47.6585992
"My current situation... #FML 
No fever no chills no flu...? https://t.co/GeQWIR1uRL",FALSE,0,NA,2/26/2018 14:52,FALSE,NA,9.68E+17,NA,"<a href=\http://instagram.com\"" rel=\""nofollow\"">Instagram</a>""",Daddeo6645,0,FALSE,FALSE,-84.2978,33.7714
Anak kicik lg flu..maunya ma?em K*C tp pas dibeliin tetep gak mau? https://t.co/228L7m5GT9,FALSE,0,NA,2/26/2018 14:37,FALSE,NA,9.68E+17,NA,"<a href=\http://instagram.com\"" rel=\""nofollow\"">Instagram</a>""",yujiee,0,FALSE,FALSE,106.7382954,-6.18862183
"Orange, lemon, ginger, turmeric?this smoothie is perfect for cold &amp; flu season! <ed><U+00A0><U+00BC><ed><U+00BD><U+008A><ed><U+00A0><U+00BC><ed><U+00BD><U+008B><ed><U+00A0><U+00BE><ed><U+00B5><U+00A5> #AD Made in? https://t.co/ejuu2ryaxd",FALSE,0,NA,2/26/2018 14:13,FALSE,NA,9.68E+17,NA,"<a href=\http://instagram.com\"" rel=\""nofollow\"">Instagram</a>""",nicoleperr,0,FALSE,FALSE,-71.06291848,42.35537405
First day back to work after two weeks of battling the flu and sinus? https://t.co/0N1NFQr5Q0,FALSE,1,NA,2/26/2018 14:04,FALSE,NA,9.68E+17,NA,"<a href=\http://instagram.com\"" rel=\""nofollow\"">Instagram</a>""",DetroitGal,0,FALSE,FALSE,-77.00703621,38.88973011
I survived the flu and moving. @ 19144 https://t.co/5zDzEz7MM5,FALSE,0,NA,2/26/2018 13:33,FALSE,NA,9.68E+17,NA,"<a href=\http://instagram.com\"" rel=\""nofollow\"">Instagram</a>""",kpannepacker,0,FALSE,FALSE,-75.17518146,40.03230679
Pertanyaan hidup terbesar gw saat ini adalah dari manakah datangnya ingus di saat gw flu? Kenapa? https://t.co/76mqTNmE8a,FALSE,1,NA,2/26/2018 13:28,FALSE,NA,9.68E+17,NA,"<a href=\http://instagram.com\"" rel=\""nofollow\"">Instagram</a>""",firmanfauzan,0,FALSE,FALSE,106.834,-6.3298
Buat ilangin flu dan obat sakit kepala sesaat <ed><U+00A0><U+00BD><ed><U+00B8><U+00B7><ed><U+00A0><U+00BE><ed><U+00B4><U+00A7><U+270C><U+FE0F><U+270C><U+FE0F> @ Warung Bakso RAJA ku https://t.co/4jKRZsxbzV,FALSE,0,NA,2/26/2018 11:38,FALSE,NA,9.68E+17,NA,"<a href=\http://instagram.com\"" rel=\""nofollow\"">Instagram</a>""",santy_tea,0,FALSE,FALSE,115.2378866,-8.68694024
"#waisee2018 #virusattack #coughing #blackmask 
ENT doctor told me : the flu virus is hitting the? https://t.co/rmE5GcCl2J",FALSE,0,NA,2/26/2018 10:42,FALSE,NA,9.68E+17,NA,"<a href=\http://instagram.com\"" rel=\""nofollow\"">Instagram</a>""",WaiSee11,0,FALSE,FALSE,103.815697,1.36068237
The worst thing about having the flu was missing @WritingInst #wrexhamroadreadingseries? https://t.co/OWlYVvj204,FALSE,1,NA,2/26/2018 10:25,FALSE,NA,9.68E+17,NA,"<a href=\http://instagram.com\"" rel=\""nofollow\"">Instagram</a>""",Shewrites,0,FALSE,FALSE,-73.8435489,40.9345345
"when i flu over Nanjing i got a bit homesick <ed><U+00A0><U+00BD><ed><U+00B9><U+0088><ed><U+00A0><U+00BD><ed><U+00B8><U+0082>

#shanghai #chongqing #flight #china @ Nanjing,? https://t.co/YZOQQZ2lyq",FALSE,0,NA,2/26/2018 10:06,FALSE,NA,9.68E+17,NA,"<a href=\http://instagram.com\"" rel=\""nofollow\"">Instagram</a>""",MesumVerma,0,FALSE,FALSE,118.767,32.05
"Flu<ed><U+00A0><U+00BD><ed><U+00B2><U+009B> @ Lviv, Ukraine https://t.co/tSeCZQ2bWc",FALSE,0,NA,2/26/2018 9:32,FALSE,NA,9.68E+17,NA,"<a href=\http://instagram.com\"" rel=\""nofollow\"">Instagram</a>""",szeynepsaglam,0,FALSE,FALSE,24,49.8333
"After over a month without exercise due to having the flu and complications with my asthma, it? https://t.co/wYnbaG98uj",FALSE,0,NA,2/26/2018 9:26,FALSE,NA,9.68E+17,NA,"<a href=\http://instagram.com\"" rel=\""nofollow\"">Instagram</a>""",cwp_sarah,0,FALSE,FALSE,-0.18095,51.41359
"Struggled to get up because of the flu but I'm pressing on! @ Lusikisiki, Eastern Cape, South? https://t.co/VwF8iGCIcS",FALSE,0,NA,2/26/2018 9:03,FALSE,NA,9.68E+17,NA,"<a href=\http://instagram.com\"" rel=\""nofollow\"">Instagram</a>""",VuyoZucch,0,FALSE,FALSE,29.5833,-31.35
"Think I found a cure for man flu, #CrossFit. Competed in my first #crossfitopen tonight (Round? https://t.co/p8uDx09QnU",FALSE,1,NA,2/26/2018 8:47,FALSE,NA,9.68E+17,NA,"<a href=\http://instagram.com\"" rel=\""nofollow\"">Instagram</a>""",chrisgander,0,FALSE,FALSE,151.74594,-32.90524
S?m?kl? halimle #pazartesisendromu <ed><U+00A0><U+00BE><ed><U+00B4><U+00A7> #md #doctor #selfie #work #blackandwhite #curlyhair #flu? https://t.co/XHHPJOwCGb,FALSE,0,NA,2/26/2018 8:37,FALSE,NA,9.68E+17,NA,"<a href=\http://instagram.com\"" rel=\""nofollow\"">Instagram</a>""",thaslehoff,0,FALSE,FALSE,28.72429132,40.9790719
"Kalo lagi flu gini, bawaannya kepengen makan banyak! <ed><U+00A0><U+00BD><ed><U+00B8><U+0098><ed><U+00A0><U+00BD><ed><U+00B8><U+0098><ed><U+00A0><U+00BD><ed><U+00B8><U+0098> @ Jakarta, Indonesia https://t.co/s5wU8C3YPR",FALSE,0,NA,2/26/2018 7:45,FALSE,NA,9.68E+17,NA,"<a href=\http://instagram.com\"" rel=\""nofollow\"">Instagram</a>""",firmanfauzan,0,FALSE,FALSE,106.839,-6.2173
Quercetin ? A Far Better Flu Remedy Than Tamiflu https://t.co/qNi4bqLauw https://t.co/CkD6bP2XfZ,FALSE,0,NA,2/26/2018 6:24,FALSE,NA,9.68E+17,NA,"<a href=\https://dlvrit.com/\"" rel=\""nofollow\"">dlvr.it</a>""",1stChiroGilroy,0,FALSE,FALSE,-121.5705372,37.00748787
Flu season is coolest. <ed><U+00A0><U+00BE><ed><U+00B4><U+0092><ed><U+00A0><U+00BD><ed><U+00B2><U+0081><U+200D><U+2640><U+FE0F>  #Yay @ Downtown Salt Lake City https://t.co/FhhPZm18Jh,FALSE,0,NA,2/26/2018 5:26,FALSE,NA,9.68E+17,NA,"<a href=\http://instagram.com\"" rel=\""nofollow\"">Instagram</a>""",TheScarOfJ,0,FALSE,FALSE,-111.892,40.7667
It?s an ?eat ice cream out of the carton? kind of night. mkdirectorc has the flu and it was me? https://t.co/53Vbuld3Z1,FALSE,0,NA,2/26/2018 3:28,FALSE,NA,9.68E+17,NA,"<a href=\http://instagram.com\"" rel=\""nofollow\"">Instagram</a>""",chaycrow,0,FALSE,FALSE,-82.3108,34.9132
"Day 141 (back and flu free!): 
?
?
?
Today?s photographer?s cigarette smoke circled the air as? https://t.co/8T1Us9IriF",FALSE,0,NA,2/26/2018 2:24,FALSE,NA,9.68E+17,NA,"<a href=\http://instagram.com\"" rel=\""nofollow\"">Instagram</a>""",edenrainee,0,FALSE,FALSE,-74.0064,40.7142
Finally back to the grind after this flu took everything I had! Sorry I haven?t posted in a? https://t.co/HJlOw3LTh5,FALSE,0,NA,2/26/2018 2:12,FALSE,NA,9.68E+17,NA,"<a href=\http://instagram.com\"" rel=\""nofollow\"">Instagram</a>""",RubyGillett,0,FALSE,FALSE,-123.1101456,49.2844429
Finally over the flu and enjoying a steak and some ice cream with Grandpa! @ Saltgrass Steak House https://t.co/9EEe3egPHX,FALSE,0,NA,2/26/2018 1:51,FALSE,NA,9.68E+17,NA,"<a href=\http://instagram.com\"" rel=\""nofollow\"">Instagram</a>""",EmileChile,0,FALSE,FALSE,-96.966362,32.99548179
Spent the weekend home with the flu so here is a throwback to a weekend where I didn't. Lead? https://t.co/jf1TFmBC2n,FALSE,0,NA,2/26/2018 1:51,FALSE,NA,9.68E+17,NA,"<a href=\http://instagram.com\"" rel=\""nofollow\"">Instagram</a>""",TnecksJeffMoses,0,FALSE,FALSE,-73.93548823,40.71596044
"File this under street signs to live by.

#nostopping #foreverforward #flu #sick #instagood at? https://t.co/MkPYYFnR9L",FALSE,0,NA,2/26/2018 1:10,FALSE,NA,9.68E+17,NA,"<a href=\http://instagram.com\"" rel=\""nofollow\"">Instagram</a>""",sooonotpro,1,FALSE,FALSE,-118.481,34.0221
"Sos fiesta una vez m?s, avellaneda. en Avellaneda Partido https://t.co/TsEnlOk9nU",FALSE,0,NA,2/26/2018 0:20,FALSE,NA,9.68E+17,NA,"<a href=\http://instagram.com\"" rel=\""nofollow\"">Instagram</a>""",Not_A_Flu,0,FALSE,FALSE,-58.35,-34.66666667
"Post flu <ed><U+00A0><U+00BD><ed><U+00B8><U+00B7> and still living out of my bed. 
#selfie #photography #sick @ Melrose Avenue https://t.co/35Xhpz45p8",FALSE,1,NA,2/25/2018 23:56,FALSE,NA,9.68E+17,NA,"<a href=\http://instagram.com\"" rel=\""nofollow\"">Instagram</a>""",Maliabeth,0,FALSE,FALSE,-118.334,34.0835
I have to share this with everyone during flu season. Homemade Ginger Tea. It's kept 2 bouts of? https://t.co/IhHDN9tMIx,FALSE,0,NA,2/25/2018 22:02,FALSE,NA,9.68E+17,NA,"<a href=\http://instagram.com\"" rel=\""nofollow\"">Instagram</a>""",anniemcqueen,0,FALSE,FALSE,-118.481,34.0221
6 year-old from Colchester dies from flu complications - FOX 61 https://t.co/zki93zsATN #Essex?#Colchester https://t.co/O3pYAP4tGF,FALSE,0,NA,2/25/2018 20:40,FALSE,NA,9.68E+17,NA,"<a href=\https://dlvrit.com/\"" rel=\""nofollow\"">dlvr.it</a>""",CoIchester,0,FALSE,FALSE,0.89745373,51.88561263
"See our latest #Swiftwater, Pennsylvania #job and click to apply: Flu Industrialization Support Lead - VIE Contract? https://t.co/QLResBbqNA",FALSE,0,NA,2/25/2018 20:29,TRUE,NA,9.68E+17,NA,"<a href=\http://www.tweetmyjobs.com\"" rel=\""nofollow\"">TweetMyJOBS</a>""",tmj_pa_itpm,0,FALSE,FALSE,-75.3266416,41.0881409
"Everybody under the weather. <ed><U+00A0><U+00BE><ed><U+00B4><U+00A2><ed><U+00A0><U+00BE><ed><U+00B4><U+00AE><ed><U+00A0><U+00BD><ed><U+00B8><U+00B7> #fluseason #flu #thirdcoldinarow #daycarelife @ Las Vegas, Nevada https://t.co/fCaKxJhv53",FALSE,1,NA,2/25/2018 19:34,FALSE,NA,9.68E+17,NA,"<a href=\http://instagram.com\"" rel=\""nofollow\"">Instagram</a>""",hernanp,0,FALSE,FALSE,-115.136,36.175
"Little bit of man flu...but too nice to stay indoors
#silvercoastapartments #perfectweather? https://t.co/52RsbRLeSY",FALSE,0,NA,2/25/2018 19:13,FALSE,NA,9.68E+17,NA,"<a href=\http://instagram.com\"" rel=\""nofollow\"">Instagram</a>""",SurfSupertubos,0,FALSE,FALSE,-9.33554649,39.31178872
"Day 5 of the flu-- time to pull out the big guns #chickensoupfromscratch @ East Williamsburg,? https://t.co/WIVKl2aw4T",FALSE,47,NA,2/25/2018 18:56,FALSE,NA,9.68E+17,NA,"<a href=\http://instagram.com\"" rel=\""nofollow\"">Instagram</a>""",CecilBaldwinIII,1,FALSE,FALSE,-73.9442,40.7148
"Gymming thru the flu (at @GoodLifeFitness Centres in Toronto, ON) https://t.co/ufjRrYu00O",FALSE,0,NA,2/25/2018 18:41,FALSE,NA,9.68E+17,NA,"<a href=\http://foursquare.com\"" rel=\""nofollow\"">Foursquare</a>""",JaymesBeatty,0,FALSE,FALSE,-79.34545813,43.67861611
Hi. It me. At the wrestles. With the flu. Managed to have nice makeup though. Blanket wasn?t? https://t.co/g09Hu6hNET,FALSE,9,NA,2/25/2018 18:28,FALSE,NA,9.68E+17,NA,"<a href=\http://instagram.com\"" rel=\""nofollow\"">Instagram</a>""",emilyjaynemorse,0,FALSE,FALSE,-3.1867,51.4853
"WHEN BAE HAS A MAN FLU.
ME: Can I get you a tissue, a soup, your? https://t.co/qxatMCuckw",FALSE,0,NA,2/25/2018 16:47,FALSE,NA,9.68E+17,NA,"<a href=\http://instagram.com\"" rel=\""nofollow\"">Instagram</a>""",PrettyMaryMe,0,FALSE,FALSE,120.6000065,16.41325544
"Please no flu please no flu (@ Neighborhood Urgent Care in Clinton, TN) https://t.co/a29vUupRnT",FALSE,0,NA,2/25/2018 16:11,FALSE,NA,9.68E+17,NA,"<a href=\http://foursquare.com\"" rel=\""nofollow\"">Foursquare</a>""",amandachurley,0,FALSE,FALSE,-84.08560564,36.16759761
"Surviving the Flu <U+2615><U+FE0F><ed><U+00A0><U+00BD><ed><U+00B3><U+0096> #sundaymood @ Fort Stevens (Washington, D.C.) https://t.co/NrIraxmLSs",FALSE,0,NA,2/25/2018 14:59,FALSE,NA,9.68E+17,NA,"<a href=\http://instagram.com\"" rel=\""nofollow\"">Instagram</a>""",jenlucce,0,FALSE,FALSE,-77.0289,38.9642
At the crib trying to get over this flu. Almost out of the woods. Back to business tomorrow. @? https://t.co/6BdnBgVMDr,FALSE,0,NA,2/25/2018 14:52,FALSE,NA,9.68E+17,NA,"<a href=\http://instagram.com\"" rel=\""nofollow\"">Instagram</a>""",Google_MyStyle,1,FALSE,FALSE,-95.3798,29.9191
Late lunch...too bad I can barely smell my food. #homecooking #instafood #lunch #sunday #flu? https://t.co/r5LAwVM2xZ,FALSE,0,NA,2/25/2018 14:16,FALSE,NA,9.68E+17,NA,"<a href=\http://instagram.com\"" rel=\""nofollow\"">Instagram</a>""",rnadal88,0,FALSE,FALSE,4.46667,51.5333
"Today is already the best day ever!

I feel 100% better!  Like no more flu or sickness in my? https://t.co/aR3EopCJJE",FALSE,0,NA,2/25/2018 14:12,FALSE,NA,9.68E+17,NA,"<a href=\http://instagram.com\"" rel=\""nofollow\"">Instagram</a>""",rebecca_weiner,0,FALSE,FALSE,-73.921897,40.743183
Fought the flu and ran the #nyrr #algordon4m given the lack of sleep and how crappy I felt I was? https://t.co/jBGR9Ound8,FALSE,3,NA,2/25/2018 12:29,FALSE,NA,9.68E+17,NA,"<a href=\http://instagram.com\"" rel=\""nofollow\"">Instagram</a>""",theericschiller,0,FALSE,FALSE,-73.97160903,40.66265337
Life is full and busy and I'm trying to keep it all together. The husband has flu and needs a? https://t.co/cYe1QASXVZ,FALSE,0,NA,2/25/2018 12:05,FALSE,NA,9.68E+17,NA,"<a href=\http://instagram.com\"" rel=\""nofollow\"">Instagram</a>""",Fishify,0,FALSE,FALSE,-122.2840242,38.29772016
"Blog blast #003 ? The flu

Hey hey you lovely lot. You guessed it from the title I have got the? https://t.co/5FKvOixCmr",FALSE,0,NA,2/25/2018 11:24,FALSE,NA,9.68E+17,NA,"<a href=\http://instagram.com\"" rel=\""nofollow\"">Instagram</a>""",Birminghamjosh,0,FALSE,FALSE,-1.91667,52.4667
"Arquibancada lotada ontem no Fla ? Flu !
Clima de arquiba bebendo aquela #chopeartesanal gelado? https://t.co/gJ8XHY6xd6",FALSE,0,NA,2/25/2018 11:04,FALSE,NA,9.68E+17,NA,"<a href=\http://instagram.com\"" rel=\""nofollow\"">Instagram</a>""",arthurbfortes,0,FALSE,FALSE,-43.18374463,-22.9528904
"I may have lost 8 pounds battling the flu, but I didn't lose my melanin and I didn't lose my? https://t.co/9Bslsbegyy",FALSE,0,NA,2/19/2018 6:51,FALSE,NA,9.65E+17,NA,"<a href=\http://instagram.com\"" rel=\""nofollow\"">Instagram</a>""",emorespetty,0,FALSE,FALSE,-105.5,39
"INCREDIBLE fund-raising effort after twin, 18, died following brave battle against flu https://t.co/jlNXW0vwxM? https://t.co/EZ5a2djcZz",FALSE,0,NA,2/19/2018 3:29,TRUE,NA,9.65E+17,NA,"<a href=\https://dlvrit.com/\"" rel=\""nofollow\"">dlvr.it</a>""",DailySTAFFS,0,FALSE,FALSE,-2.18091488,53.00778835
"I couldn?t let the flu make me miss the pens game with this guy <ed><U+00A0><U+00BD><ed><U+00B2><U+009D><ed><U+00A0><U+00BD><ed><U+00B8><U+008B> @ Columbus, Ohio https://t.co/vOrYhIH9kZ",FALSE,2,NA,2/19/2018 2:48,FALSE,NA,9.65E+17,NA,"<a href=\http://instagram.com\"" rel=\""nofollow\"">Instagram</a>""",taylong87,0,FALSE,FALSE,-82.9833,39.9833
"Flu still... it?s been almost 2 weeks <ed><U+00A0><U+00BD><ed><U+00B8><U+00AA> (@ Permai Poliklinik in Kota Kinabalu, Sabah) https://t.co/Xxyty6OfG3 https://t.co/NNjFOXcyvW",FALSE,1,NA,2/19/2018 1:49,FALSE,NA,9.65E+17,NA,"<a href=\http://foursquare.com\"" rel=\""nofollow\"">Foursquare</a>""",Th3odora,1,FALSE,FALSE,116.0895405,5.94700092
Winter is not over yet! <U+2744><U+FE0F><U+2744><U+FE0F>Boost your immune system to ward off colds and flu with these? https://t.co/OxRvUxndBk,FALSE,0,NA,2/19/2018 1:40,FALSE,NA,9.65E+17,NA,"<a href=\http://instagram.com\"" rel=\""nofollow\"">Instagram</a>""",FiorellaEats,0,FALSE,FALSE,-74.0064,40.7142
"Not feeling well flu? (@ Our Bonhamtown Home in Edison, NJ w/ @guinivere @leophx @clara33838543 @gijoe6732) https://t.co/zTf581ogXB",FALSE,0,NA,2/19/2018 1:09,FALSE,NA,9.65E+17,NA,"<a href=\http://foursquare.com\"" rel=\""nofollow\"">Foursquare</a>""",JerseyNana,0,FALSE,FALSE,-74.35159683,40.52281295
Lossa beer bringing me back to life after the flu tried to kill me his week. <ed><U+00A0><U+00BD><ed><U+00B8><U+0086> #iwillsurvive? https://t.co/i9zJNuHvRn,FALSE,0,NA,2/19/2018 0:14,FALSE,NA,9.65E+17,NA,"<a href=\http://instagram.com\"" rel=\""nofollow\"">Instagram</a>""",ChelseaLeighA,0,FALSE,FALSE,-84.2968906,39.1718168
"<ed><U+00A0><U+00BE><ed><U+00B7><U+00A1>TOP IMMUNITY FOODS<ed><U+00A0><U+00BE><ed><U+00B7><U+00A1>
.
It?s flu season/cold season/ everyones sick season. Feeding your body? https://t.co/RQzFFl7L3D",FALSE,0,NA,2/18/2018 23:58,FALSE,NA,9.65E+17,NA,"<a href=\http://instagram.com\"" rel=\""nofollow\"">Instagram</a>""",MOVEWITHJANELLE,0,FALSE,FALSE,-115.025,36.0292
this gotta be the flu <ed><U+00A0><U+00BD><ed><U+00B8><U+0093>. at this point I?ll fly somebody out to make me soup.,FALSE,0,NA,2/18/2018 23:37,FALSE,NA,9.65E+17,NA,"<a href=\http://tweetlogix.com\"" rel=\""nofollow\"">Tweetlogix</a>""",mayhemmark_,0,FALSE,FALSE,-122.371243,37.727965
"Uma f?zinha que o Cruzeiro me deu <ed><U+00A0><U+00BD><ed><U+00B1><U+008A><ed><U+00A0><U+00BC><ed><U+00BF><U+00BB><ed><U+00A0><U+00BD><ed><U+00B8><U+009C><ed><U+00A0><U+00BD><ed><U+00BB><U+00B3><U+2764><U+FE0F><ed><U+00A0><U+00BD><ed><U+00B2><U+00A5><ed><U+00A0><U+00BD><ed><U+00B1><U+008F><ed><U+00A0><U+00BC><ed><U+00BF><U+00BB><ed><U+00A0><U+00BD><ed><U+00B8><U+0098> 
____________________________ 
#Areia #Errejota? https://t.co/dNAWoIPffZ",FALSE,1,NA,2/18/2018 23:28,FALSE,NA,9.65E+17,NA,"<a href=\http://instagram.com\"" rel=\""nofollow\"">Instagram</a>""",Caiio_Flu,0,FALSE,FALSE,-43.22521653,-22.98246641
Easing myself back into paleo after getting hit hard this flu season #salmonsalad #nofilter? https://t.co/0gnSjkzfpm,FALSE,0,NA,2/18/2018 23:26,FALSE,NA,9.65E+17,NA,"<a href=\http://instagram.com\"" rel=\""nofollow\"">Instagram</a>""",genuinedl22,0,FALSE,FALSE,-118.427,33.9728
2 pot soup! 1 for matzah balls 1 for veggies.. both for anti flu? https://t.co/eZJTgiVMXI,FALSE,0,NA,2/18/2018 23:16,FALSE,NA,9.65E+17,NA,"<a href=\http://instagram.com\"" rel=\""nofollow\"">Instagram</a>""",robbiebrinkley1,0,FALSE,FALSE,-106.37532,35.08879
Flu sucks  I I can?t breathe better soon. It?s the ER for me @ My? https://t.co/4WV6IbqWxP,FALSE,0,NA,2/18/2018 23:06,FALSE,NA,9.65E+17,NA,"<a href=\http://instagram.com\"" rel=\""nofollow\"">Instagram</a>""",georgebird2,0,FALSE,FALSE,-97.28830331,32.92774129
"Felices 33 Gordo!!!<ed><U+00A0><U+00BC><ed><U+00BE><U+0082>
#HappyBirthday #Flu #ILove #33Years #Couple #BoyFriend #Thanks #Igers? https://t.co/8D1a9VJU3r",FALSE,0,NA,2/18/2018 23:02,FALSE,NA,9.65E+17,NA,"<a href=\http://instagram.com\"" rel=\""nofollow\"">Instagram</a>""",IvanBega,0,FALSE,FALSE,11.2605263,43.7644052
NingXia Red for the win!!! Boost immunity    during this horrible cold and flu season.? https://t.co/08fi6kE6Ba,FALSE,1,NA,2/18/2018 21:54,FALSE,NA,9.65E+17,NA,"<a href=\http://instagram.com\"" rel=\""nofollow\"">Instagram</a>""",VitalLifeBlog,0,FALSE,FALSE,-93.2,44.95
"Because of the flu, only immediate family members &amp; clergy are allowed into the Hospital.<ed><U+00A0><U+00BD><ed><U+00B8><U+00B7> (@ Valley Hospital ICU/N? https://t.co/bE4wvx9RQA",FALSE,0,NA,2/18/2018 21:40,TRUE,NA,9.65E+17,NA,"<a href=\http://foursquare.com\"" rel=\""nofollow\"">Foursquare</a>""",KpjCoffey,0,FALSE,FALSE,-74.10094253,40.98344655
"And it tastes amazing!<ed><U+00A0><U+00BD><ed><U+00B8><U+008B> Also good for #reproductiveissues #colds #flu #fertility <ed><U+00A0><U+00BE><ed><U+00B4><U+0093><ed><U+00A0><U+00BD><ed><U+00B2><U+00AA><ed><U+00A0><U+00BC><ed><U+00BD><U+0083> @ Bronx,? https://t.co/FYrPIWWT1o",FALSE,0,NA,2/18/2018 21:03,FALSE,NA,9.65E+17,NA,"<a href=\http://instagram.com\"" rel=\""nofollow\"">Instagram</a>""",Jahypimentel,0,FALSE,FALSE,-73.8667,40.85
The face you make after five long days (inside) with the flu and now you?re ready to soar...? https://t.co/kkN2RX3q1S,FALSE,1,NA,2/18/2018 20:17,FALSE,NA,9.65E+17,NA,"<a href=\http://instagram.com\"" rel=\""nofollow\"">Instagram</a>""",SBcreative_,0,FALSE,FALSE,-76.635,39.3517
Been out for a week with strep and flu.  Glad to be back in #zakkmanzellachoreography lab? https://t.co/byc3jNxr0F,FALSE,1,NA,2/18/2018 19:48,FALSE,NA,9.65E+17,NA,"<a href=\http://instagram.com\"" rel=\""nofollow\"">Instagram</a>""",achatfieldmusic,0,FALSE,FALSE,-96.8395,32.96243
While I?m home in bed with the flu (literally the last person alive to get it I think) my? https://t.co/W2gwaq8lXo,FALSE,0,NA,2/18/2018 18:46,FALSE,NA,9.65E+17,NA,"<a href=\http://instagram.com\"" rel=\""nofollow\"">Instagram</a>""",FeedMeEatPretty,0,FALSE,FALSE,-87.242925,20.488652
"#momlife #womenirl? https://t.co/QsU9NIM4un""",FALSE,0,NA,2/18/2018 18:31,FALSE,NA,9.65E+17,NA,"<a href=\http://instagram.com\"" rel=\""nofollow\"">Instagram</a>""",justbeingarlyn,0,FALSE,FALSE,103.907,1.41444
"Secang... Mantapp buat flu dan masuk angin #oleh2solo @ Tarikolot, Jawa Barat, Indonesia https://t.co/xrGQBeRzFS",FALSE,0,NA,2/18/2018 18:29,FALSE,NA,9.65E+17,NA,"<a href=\http://instagram.com\"" rel=\""nofollow\"">Instagram</a>""",andreyefendi,0,FALSE,FALSE,106.61,-6.08833
"Got the Sunday blues from a Sunday flu. The views not bad though! 
#gottagetoverthisbug #soup? https://t.co/ygA975zSeG",FALSE,5,NA,2/18/2018 18:13,FALSE,NA,9.65E+17,NA,"<a href=\http://instagram.com\"" rel=\""nofollow\"">Instagram</a>""",Lisa__Chandler,0,FALSE,FALSE,-123.1,49.25
With the boys having the flu and all the sickness going around this Mama's doubling up on her? https://t.co/XHCNEd8sTE,FALSE,0,NA,2/18/2018 18:10,FALSE,NA,9.65E+17,NA,"<a href=\http://instagram.com\"" rel=\""nofollow\"">Instagram</a>""",marleyd03,0,FALSE,FALSE,-82.5736,36.5914
This winter?s flu outbreak got nothin? on the Olympic Fever that has set in on Greenwood Road!? https://t.co/ZVIZft4ETe,FALSE,2,NA,2/18/2018 17:39,FALSE,NA,9.65E+17,NA,"<a href=\http://instagram.com\"" rel=\""nofollow\"">Instagram</a>""",mjford65,0,FALSE,FALSE,-89.5356,42.9899
"Probably getting the flu. (@ Brookview Community Center in Golden Valley, MN) https://t.co/xpWevc1ywN",FALSE,0,NA,2/18/2018 17:23,FALSE,NA,9.65E+17,NA,"<a href=\http://foursquare.com\"" rel=\""nofollow\"">Foursquare</a>""",therealhelm,0,FALSE,FALSE,-93.38558473,44.97617279
"I wasn?t feeling that great last night. Paranoid that I was also coming down with the flu, I? https://t.co/OtCnkdB7wb",FALSE,0,NA,2/18/2018 16:56,FALSE,NA,9.65E+17,NA,"<a href=\http://instagram.com\"" rel=\""nofollow\"">Instagram</a>""",MommyAngela3,0,FALSE,FALSE,-85.18363191,34.95349746
"Credits to @adnankj -  Ginger. Unsung hero in the fight against the flu!
.
.
<ed><U+00A0><U+00BC><ed><U+00BC><U+008D>? https://t.co/ZlKPYOqbyd",FALSE,0,NA,2/18/2018 16:25,FALSE,NA,9.65E+17,NA,"<a href=\http://instagram.com\"" rel=\""nofollow\"">Instagram</a>""",FeelinTanzania,0,FALSE,FALSE,39.22130617,-6.2182575
I?m down for the count with some kind of cold/flu <ed><U+00A0><U+00BD><ed><U+00B8><U+00B7> Fingers crossed my little guy doesn?t get? https://t.co/aBj036cLov,FALSE,0,NA,2/18/2018 15:43,FALSE,NA,9.65E+17,NA,"<a href=\http://instagram.com\"" rel=\""nofollow\"">Instagram</a>""",LuxeLadies,0,FALSE,FALSE,-82.1833,42.4
Strong antioxidants - vitamin C and Capsaicin. Keeps you strong at cold season and keeps the flu? https://t.co/yFX2KhPVkP,FALSE,0,NA,2/18/2018 14:18,FALSE,NA,9.65E+17,NA,"<a href=\http://instagram.com\"" rel=\""nofollow\"">Instagram</a>""",GedFit,0,FALSE,FALSE,-0.12731805,51.50711486
Due to spending the entire weekend in bed mark_waldron_pt fighting of the dreaded flu - I?ve? https://t.co/HUuIE5bfkO,FALSE,1,NA,2/18/2018 14:10,FALSE,NA,9.65E+17,NA,"<a href=\http://instagram.com\"" rel=\""nofollow\"">Instagram</a>""",Phoenix_Trainin,0,FALSE,FALSE,-2.05093611,52.45016389
11 days later and today is my first day back to work after being thrown down with the flu! I?m? https://t.co/zhNsz06UJb,FALSE,0,NA,2/18/2018 13:47,FALSE,NA,9.65E+17,NA,"<a href=\http://instagram.com\"" rel=\""nofollow\"">Instagram</a>""",MSTIMSSMUA,0,FALSE,FALSE,-120.9969318,47.20835355
Record numbers get flu jab https://t.co/AAPJEJIUJp #Shropshire https://t.co/shvt0luwQ6,FALSE,1,NA,2/18/2018 13:14,FALSE,NA,9.65E+17,NA,"<a href=\https://dlvrit.com/\"" rel=\""nofollow\"">dlvr.it</a>""",DailySHROPSHIRE,0,FALSE,FALSE,-2.50153743,52.63162952
"For all fellow flu sufferers this winter, this is a hug in a tin <ed><U+00A0><U+00BE><ed><U+00B4><U+0097> #delicious #comfort #poorly? https://t.co/ktVbf4JWJC",FALSE,0,NA,2/18/2018 11:42,FALSE,NA,9.65E+17,NA,"<a href=\http://instagram.com\"" rel=\""nofollow\"">Instagram</a>""",Cocoa_Mama_UK,0,FALSE,FALSE,1.1462477,52.3208824
"SB45 [Enroll] Day care centers, provide influenza vaccine information to parents, required https://t.co/2AMaXxyh4Q",FALSE,0,NA,2/28/2018 9:16,FALSE,NA,9.68777E+17,NA,"<a href=\http://legiscan.com/\"" rel=\""nofollow\"">eLobbyist</a>""",LegiScanAL,0,FALSE,FALSE,-86.300489,32.377716
"What Causes the Flu?
The #flu is caused by an influenza #virus infection. #There are three types? https://t.co/E9UrgCN4UA",FALSE,0,NA,2/27/2018 23:17,FALSE,NA,9.68626E+17,NA,"<a href=\http://instagram.com\"" rel=\""nofollow\"">Instagram</a>""",DrJosefina,0,FALSE,FALSE,-80.3822,27.7074
I'm at Pilates Total Balance Leones in Monterrey https://t.co/DGQYlIaubb,FALSE,1,NA,2/27/2018 14:01,FALSE,NA,9.68486E+17,NA,"<a href=\http://foursquare.com\"" rel=\""nofollow\"">Foursquare</a>""",mala_influenza,0,FALSE,FALSE,-100.3679112,25.7037304
"And LAB Report goes to....
Influenza B Virus @ <U+0E42><U+0E23><U+0E07><U+0E1E><U+0E22><U+0E32><U+0E1A><U+0E32><U+0E25><U+0E1E><U+0E0D><U+0E32><U+0E44><U+0E17> 2 - Phyathai 2 International Hospital https://t.co/sK3DsjpwSb",FALSE,0,NA,2/27/2018 10:54,FALSE,NA,9.68439E+17,NA,"<a href=\http://instagram.com\"" rel=\""nofollow\"">Instagram</a>""",webberli,0,FALSE,FALSE,100.5409022,13.77018718
"At Mothers against influenza #MomVsFlu event at @stregismumbai
#pregnancy #pregnant #newborn? https://t.co/iKcetdxbXg",FALSE,1,NA,2/27/2018 6:59,FALSE,NA,9.6838E+17,NA,"<a href=\http://instagram.com\"" rel=\""nofollow\"">Instagram</a>""",makeupreviewblg,0,FALSE,FALSE,72.8251,18.9935
"At Mothers against influenza #MomVsFlu event at @stregismumbai
#pregnancy #pregnant #newborn #mommy #motherhood? https://t.co/drQxXyfbnW",FALSE,1,NA,2/27/2018 6:50,TRUE,NA,9.68378E+17,NA,"<a href=\http://twitter.com/download/android\"" rel=\""nofollow\"">Twitter for Android</a>""",makeupreviewblg,1,FALSE,FALSE,72.8234501,18.9943759
"At Mothers against influenza #momvsflu event at @stregismumbai
#pregnancy #pregnant #newborn? https://t.co/RxZoVIC0tY",FALSE,0,NA,2/27/2018 6:46,FALSE,NA,9.68377E+17,NA,"<a href=\http://instagram.com\"" rel=\""nofollow\"">Instagram</a>""",makeupreviewblg,0,FALSE,FALSE,72.8251,18.9935
Viendo un show y muriendo de influenza. #nosomosmarineros #faf2018 @ La Fortaleza - The Embassy? https://t.co/y4x26cFnhJ,FALSE,0,NA,2/27/2018 1:17,FALSE,NA,9.68294E+17,NA,"<a href=\http://instagram.com\"" rel=\""nofollow\"">Instagram</a>""",la_mara,0,FALSE,FALSE,-99.14982,19.44098
I'm at Pilates Total Balance Leones in Monterrey https://t.co/w1SDSdRIEN,FALSE,0,NA,2/26/2018 14:58,FALSE,NA,9.68138E+17,NA,"<a href=\http://foursquare.com\"" rel=\""nofollow\"">Foursquare</a>""",mala_influenza,0,FALSE,FALSE,-100.3679112,25.7037304
Sono chiusa in casa da 5 giorni per colpa dell'influenza. Oggi la mia prima ora d'aria <ed><U+00A0><U+00BD><ed><U+00B8><U+0082> un? https://t.co/3Uk2LrnYfZ,FALSE,0,NA,2/26/2018 14:42,FALSE,NA,9.68134E+17,NA,"<a href=\http://instagram.com\"" rel=\""nofollow\"">Instagram</a>""",likeflamingos,0,FALSE,FALSE,10.79695344,45.16020032
When you have survived The Influenza and it?s so encouraging just to be able to do everyday? https://t.co/hdQKcZa2FL,FALSE,0,NA,2/26/2018 2:15,FALSE,NA,9.67946E+17,NA,"<a href=\http://instagram.com\"" rel=\""nofollow\"">Instagram</a>""",sarahebodnar,0,FALSE,FALSE,-123.79918,39.30599
"Cheers (@ McCarthy's Irish Pub in Monterrey, NLE w/ @itzu_g5) https://t.co/qnWS73t904",FALSE,0,NA,2/25/2018 5:27,FALSE,NA,9.67632E+17,NA,"<a href=\http://foursquare.com\"" rel=\""nofollow\"">Foursquare</a>""",mala_influenza,0,FALSE,FALSE,-100.2940637,25.65360592
?v... jeg troede at jeg havde v?ret p?passelig med ikke at blive smittet af de mange influenza? https://t.co/ousDaDluge,FALSE,0,NA,2/24/2018 12:51,FALSE,NA,9.67381E+17,NA,"<a href=\http://instagram.com\"" rel=\""nofollow\"">Instagram</a>""",GiZmoAMH,0,FALSE,FALSE,10.24222222,55.095
"non per vantarmi, ma i sintomi dell?influenza 2018 me li sto facendo tutti <ed><U+00A0><U+00BD><ed><U+00B2><U+0085><ed><U+00A0><U+00BC><ed><U+00BF><U+00BB> https://t.co/cYpGXxXlin",FALSE,0,NA,2/23/2018 20:53,FALSE,NA,9.6714E+17,NA,"<a href=\http://tapbots.com/tweetbot\"" rel=\""nofollow\"">Tweetbot for i<U+039F>S</a>""",DFbobinsky,0,FALSE,FALSE,9.21431895,45.4396535
One week with Influenza B and no signs of improvement on the horizon. I am slightly fed off of? https://t.co/in6o1eP0fa,FALSE,0,NA,2/23/2018 19:12,FALSE,NA,9.67115E+17,NA,"<a href=\http://instagram.com\"" rel=\""nofollow\"">Instagram</a>""",RhinaD,0,FALSE,FALSE,9.18333,48.7667
I'm at Pilates Total Balance Leones in Monterrey https://t.co/LFrDrHjcxU,FALSE,0,NA,2/23/2018 14:05,FALSE,NA,9.67038E+17,NA,"<a href=\http://foursquare.com\"" rel=\""nofollow\"">Foursquare</a>""",mala_influenza,0,FALSE,FALSE,-100.3679112,25.7037304
Finally following the next big thing on the internet. <ed><U+00A0><U+00BD><ed><U+00B4><U+00A5> <ed><U+00A0><U+00BD><ed><U+00B4><U+00A5> <ed><U+00A0><U+00BD><ed><U+00B4><U+00A5>   Being an #influenza #influencer on? https://t.co/R3FxEgbkVF,FALSE,0,NA,2/23/2018 8:53,FALSE,NA,9.66959E+17,NA,"<a href=\http://instagram.com\"" rel=\""nofollow\"">Instagram</a>""",psuave79,0,FALSE,FALSE,7.09275206,50.73994064
"vedere tutti sti bei piatti per me ? una sofferenza, considerato che da luned? mi alimento a pasta e riso in bianco? https://t.co/Y9cVZwC7LK",FALSE,0,NA,2/22/2018 20:40,TRUE,NA,9.66775E+17,NA,"<a href=\http://tapbots.com/tweetbot\"" rel=\""nofollow\"">Tweetbot for i<U+039F>S</a>""",DFbobinsky,0,FALSE,FALSE,9.21439786,45.43958272
"#influenza es ahora una tendencia en Chile

https://t.co/YWc3TdoLFh https://t.co/bYVmkurJkD",FALSE,0,NA,2/22/2018 19:49,FALSE,NA,9.66762E+17,NA,"<a href=\http://trendsmap.com/\"" rel=\""nofollow\"">Trendsmap Alerting</a>""",TrendsChile,0,FALSE,FALSE,-70.6483,-33.4569
"#influenza es ahora una tendencia en #Santiago

https://t.co/jPEa8AGmcA https://t.co/3u3tv3bOYl",FALSE,0,NA,2/22/2018 18:28,FALSE,NA,9.66741E+17,NA,"<a href=\http://trendsmap.com/\"" rel=\""nofollow\"">Trendsmap Alerting</a>""",TrendsSantiago,0,FALSE,FALSE,-70.6483,-33.4569
"Abran a las 7 no sean webones!!!! <ed><U+00A0><U+00BD><ed><U+00B8><U+00A4><ed><U+00A0><U+00BE><ed><U+00B4><U+00AC> #ProblemasDeSe?ora (@ Costco in Monterrey, Nuevo Leon) https://t.co/717zCr5Zqz",FALSE,0,NA,2/22/2018 15:24,FALSE,NA,9.66695E+17,NA,"<a href=\http://foursquare.com\"" rel=\""nofollow\"">Foursquare</a>""",mala_influenza,0,FALSE,FALSE,-100.3933979,25.72974116
I'm at Pilates Total Balance Leones in Monterrey https://t.co/1Jtg5fWVTN,FALSE,0,NA,2/22/2018 14:02,FALSE,NA,9.66675E+17,NA,"<a href=\http://foursquare.com\"" rel=\""nofollow\"">Foursquare</a>""",mala_influenza,0,FALSE,FALSE,-100.3679112,25.7037304
HB74 [NEW] Requires public schools to provide information relative to influenza and immunization against the infl... https://t.co/Qmw0sqfaz4,FALSE,0,NA,2/22/2018 5:46,FALSE,NA,9.6655E+17,NA,"<a href=\http://legiscan.com/\"" rel=\""nofollow\"">eLobbyist</a>""",LegiScanLA,0,FALSE,FALSE,-91.187356,30.456615
"Influenza-<U+2605>A<U+2605>style<ed><U+00A0><U+00BD><ed><U+00B8><U+00A2><ed><U+00A0><U+00BD><ed><U+00B1><U+008E>
Day-4-<U+672C><U+65E5><U+3082><U+304A><U+4F11><U+307F><U+3055><U+305B><U+3066><U+9802><U+3044><U+3066><U+304A><U+308A><U+307E><U+3059><U+3002>
<U+5927><U+5909><U+3054><U+8FF7><U+60D1><U+3092><U+304A><U+639B><U+3051><U+81F4><U+3057><U+307E><U+3059><U+3002>
<U+304A><U+3084><U+3059><U+307F><U+306A><U+3055><U+3044><ed><U+00A0><U+00BD><ed><U+00BB><U+008C><ed><U+00A0><U+00BD><ed><U+00B2><U+00A4> <U+5834><U+6240>: <U+524D><U+539F><U+6D77><U+5CB8> https://t.co/ApApgT8VqK",FALSE,0,NA,2/22/2018 1:14,FALSE,NA,9.66481E+17,NA,"<a href=\http://instagram.com\"" rel=\""nofollow\"">Instagram</a>""",mwss_official,0,FALSE,FALSE,140.1064175,35.10492094
"En la temporada invernal 2017-2018, van 120 casos positivos a influenza en #Coahuila.",FALSE,0,NA,2/22/2018 0:09,FALSE,NA,9.66465E+17,NA,"<a href=\http://www.elsiglodetorreon.com.mx/\"" rel=\""nofollow\"">El Siglo</a>""",torreon,0,FALSE,FALSE,-103.460398,25.540505
"As we wait for the Philippines to be declared Avian Influenza Free, we will continue to? https://t.co/0cBrSsRHsv",FALSE,0,NA,2/21/2018 8:44,FALSE,NA,9.66232E+17,NA,"<a href=\http://instagram.com\"" rel=\""nofollow\"">Instagram</a>""",DoctorGIE,0,FALSE,FALSE,121.0474603,14.65666516
"Cold or flu?.
.
.
.
#cold #flu #coldorflu #illness #sick #sickness #influenza #flushot @? https://t.co/Leenkefvq2",FALSE,0,NA,2/20/2018 22:17,FALSE,NA,9.66074E+17,NA,"<a href=\http://instagram.com\"" rel=\""nofollow\"">Instagram</a>""",Scott__Atlanta,2,FALSE,FALSE,-84.36155151,33.82598689
Inyectense contra la influenza amigos! No duele nada <ed><U+00A0><U+00BD><ed><U+00B9><U+008A> (@ Servicios Preventivos de Medicina en el Trabajo C.P.Q Mor? https://t.co/ESVfMDikhW,FALSE,0,NA,2/20/2018 19:53,TRUE,NA,9.66038E+17,NA,"<a href=\http://foursquare.com\"" rel=\""nofollow\"">Foursquare</a>""",MikeParedex,0,FALSE,FALSE,-94.37161656,18.14576879
"Niente cura l?influenza meglio di un po? di shopping <ed><U+00A0><U+00BD><ed><U+00B8><U+008E>
.
#iphonex #influenzanontitemo #shopping? https://t.co/tR5fdNumaN",FALSE,0,NA,2/20/2018 16:21,FALSE,NA,9.65985E+17,NA,"<a href=\http://instagram.com\"" rel=\""nofollow\"">Instagram</a>""",robertaliguori,0,FALSE,FALSE,12.65,44
I'm at Pilates Total Balance Leones in Monterrey https://t.co/PiPCJkABl6,FALSE,0,NA,2/20/2018 14:04,FALSE,NA,9.6595E+17,NA,"<a href=\http://foursquare.com\"" rel=\""nofollow\"">Foursquare</a>""",mala_influenza,0,FALSE,FALSE,-100.3679112,25.7037304
SB694 [NEW] Assisted Living Education on Influenza https://t.co/6Pq1lrlJmd,FALSE,0,NA,2/19/2018 18:16,FALSE,NA,9.65651E+17,NA,"<a href=\http://legiscan.com/\"" rel=\""nofollow\"">eLobbyist</a>""",LegiScanMD,0,FALSE,FALSE,-76.490685,38.978862
"<ed><U+00A0><U+00BD><ed><U+00B2><U+00AB>Buon luned?! Qui stiamo ancora combattendo contro questa maledetta influenza, la Lavi ? ko e io? https://t.co/t0Af9FLKc9",FALSE,1,NA,2/19/2018 17:14,FALSE,NA,9.65636E+17,NA,"<a href=\http://instagram.com\"" rel=\""nofollow\"">Instagram</a>""",elenaschiavon,0,FALSE,FALSE,11.8667,45.4167
"?Il nostro stile di vita influenza fortemente il mondo animale e vegetale, eppure ci comportiamo? https://t.co/TDWQuwcq0K",FALSE,0,NA,2/19/2018 15:13,FALSE,NA,9.65605E+17,NA,"<a href=\http://instagram.com\"" rel=\""nofollow\"">Instagram</a>""",Arianna_Aryblue,0,FALSE,FALSE,11.71312,45.18354
D?as!!! (@ Pilates Total Balance Leones in Monterrey) https://t.co/92UbSOSWn8,FALSE,1,NA,2/19/2018 14:01,FALSE,NA,9.65587E+17,NA,"<a href=\http://foursquare.com\"" rel=\""nofollow\"">Foursquare</a>""",mala_influenza,0,FALSE,FALSE,-100.3679112,25.7037304
"Buongiorno! Dopo 5 giorni di influenza tostissima, torno al lavoro<ed><U+00A0><U+00BD><ed><U+00B2><U+00AA><ed><U+00A0><U+00BC><ed><U+00BF><U+00BB>.

#outfitwork #workoutfit? https://t.co/e3zLeGqSgh",FALSE,0,NA,2/19/2018 7:39,FALSE,NA,9.65491E+17,NA,"<a href=\http://instagram.com\"" rel=\""nofollow\"">Instagram</a>""",mamymakeup,0,FALSE,FALSE,11.3514,44.5075
"So far positive pneumonia, negative influenza @ Texas Health Harris? https://t.co/15th3t979K",FALSE,1,NA,2/19/2018 5:00,FALSE,NA,9.65451E+17,NA,"<a href=\http://instagram.com\"" rel=\""nofollow\"">Instagram</a>""",georgebird2,0,FALSE,FALSE,-97.30913,32.93055
"T O N I G H T

I return from my Influenza World Tour and my good friend Colin Reid makes his? https://t.co/T0FIHye4Q7",FALSE,0,NA,2/18/2018 18:37,FALSE,NA,9.65294E+17,NA,"<a href=\http://instagram.com\"" rel=\""nofollow\"">Instagram</a>""",Jakeyin612,0,FALSE,FALSE,-93.2476526,44.99534566
thanks for celebrating my return from the influenza B virus with me? https://t.co/F6Am5WVixy,FALSE,1,NA,2/18/2018 18:13,FALSE,NA,9.65288E+17,NA,"<a href=\http://instagram.com\"" rel=\""nofollow\"">Instagram</a>""",car_bartolotti,0,FALSE,FALSE,-81.03659,34.00254
"*
<U+2714><U+FE0E>cousins
<U+2714><U+FE0E>got influenza
<U+2714><U+FE0E>went to Kemigawa? https://t.co/JfYLScpmz8",FALSE,0,NA,2/18/2018 13:40,FALSE,NA,9.65219E+17,NA,"<a href=\http://instagram.com\"" rel=\""nofollow\"">Instagram</a>""",chi_0920y,0,FALSE,FALSE,140.0661323,35.65334513
"Sambucol is back in stock! Oh, Virginia... We are still seeing flu <ed><U+00A0><U+00BD><ed><U+00B8><U+00B7> patients but, now that so? https://t.co/68f2ey00xo",FALSE,0,NA,2/28/2018 16:49,FALSE,NA,9.68891E+17,NA,"<a href=\http://instagram.com\"" rel=\""nofollow\"">Instagram</a>""",TimberlakeRx,0,FALSE,FALSE,-79.23452,37.34406
Moments before I got the flu. I wonder what caused it <ed><U+00A0><U+00BE><ed><U+00B4><U+00A7> @ Finsbury Park https://t.co/o5Clm1UWcW,FALSE,0,NA,2/28/2018 16:44,FALSE,NA,9.6889E+17,NA,"<a href=\http://instagram.com\"" rel=\""nofollow\"">Instagram</a>""",sophiasofs,0,FALSE,FALSE,-0.1017576,51.5736854
"Last night I found out I got the flu... I was debating on what to do for today.? https://t.co/Tlei924akO\"",FALSE""",FALSE,0,NA,3/7/2018 20:31,FALSE,NA,9.71E+17,NA,"\<a href=\http://instagram.com\\""\"" rel=\\""\""nofollow\\""\"">Instagram</a>\""\""\""""",JustBejalen,0,FALSE,FALSE,-85.7495,38.2289
Flu<ed><U+00A0><U+00BD><ed><U+00B8><U+00B7>@MetroPaviaClinic,FALSE,0,NA,3/7/2018 17:57,FALSE,NA,9.71E+17,NA,"\<a href=\http://twitter.com/download/iphone\\""\"" rel=\\""\""nofollow\\""\"">Twitter for iPhone</a>\""\""\""""",kmariel28,0,FALSE,FALSE,-66.1240045,17.96140964
I've been dying slowly with the flu the past few days and I'm like whyyyyyy <ed><U+00A0><U+00BD><ed><U+00B8><U+00AB> I guess it's good? https://t.co/sDVHwJfk5s,FALSE,0,NA,3/7/2018 17:54,FALSE,NA,9.71E+17,NA,"\<a href=\http://instagram.com\\""\"" rel=\\""\""nofollow\\""\"">Instagram</a>\""\""\""""",saaamohhh,0,FALSE,FALSE,103.8645887,13.36598582
Two jobs now... teacher &amp; nurse <ed><U+00A0><U+00BD><ed><U+00B8><U+00B7>... #flu in the house <ed><U+00A0><U+00BE><ed><U+00B4><U+0092><ed><U+00A0><U+00BE><ed><U+00B4><U+00A7><ed><U+00A0><U+00BD><ed><U+00B8><U+0096>! Time for more #vitamins #mango? https://t.co/QHNul1iUex,FALSE,0,NA,3/7/2018 17:26,FALSE,NA,9.71E+17,NA,"\<a href=\http://instagram.com\\""\"" rel=\\""\""nofollow\\""\"">Instagram</a>\""\""\""""",braun_i,0,FALSE,FALSE,13.3989,52.5006
On this bad flu https://t.co/WfQ4LRld55 here's one cure from? https://t.co/iL2QsA7Ojt,FALSE,0,NA,3/7/2018 17:22,FALSE,NA,9.71E+17,NA,"\<a href=\http://instagram.com\\""\"" rel=\\""\""nofollow\\""\"">Instagram</a>\""\""\""""",tribalcafeLA,0,FALSE,FALSE,-118.2632411,34.06875604
Welcomed back to the east coast with a Nor?easter <U+2744><U+FE0F><U+2614><U+FE0F> and the flu <ed><U+00A0><U+00BE><ed><U+00B4><U+0092><ed><U+00A0><U+00BD><ed><U+00B8><U+00B7> which doesn?t make leaving? https://t.co/4mxIUHjcFY,FALSE,0,NA,3/7/2018 15:35,FALSE,NA,9.71E+17,NA,"\<a href=\http://instagram.com\\""\"" rel=\\""\""nofollow\\""\"">Instagram</a>\""\""\""""",JulianneStaino,0,FALSE,FALSE,-118.459,33.9908
As we know that the flu is running rampant this season please be respectful of your service? https://t.co/ceUDe0D3F7,FALSE,0,NA,3/7/2018 14:58,FALSE,NA,9.71E+17,NA,"\<a href=\http://instagram.com\\""\"" rel=\\""\""nofollow\\""\"">Instagram</a>\""\""\""""",makeupbyaris,0,FALSE,FALSE,-76.77959,39.43471
Back on track after a bout with a nasty flu!  Finally moving forward with our project in The? https://t.co/UFWkffIzz5,FALSE,1,NA,3/7/2018 11:48,FALSE,NA,9.71E+17,NA,"\<a href=\http://instagram.com\\""\"" rel=\\""\""nofollow\\""\"">Instagram</a>\""\""\""""",koodekir,0,FALSE,FALSE,-71.0423398,42.33811807
#busboredom #Rain #Flu #Work #HumpDay #UK #ComeAtMeScienceWeek @ University of East Anglia (UEA) https://t.co/pLXwYP3Krt,FALSE,0,NA,3/7/2018 9:47,FALSE,NA,9.71E+17,NA,"\<a href=\http://instagram.com\\""\"" rel=\\""\""nofollow\\""\"">Instagram</a>\""\""\""""",LittleWallace,0,FALSE,FALSE,1.24129238,52.62193531
On the road back after a big flu in the first week of this session. Love it here at Iktus? https://t.co/qv1gjOSrfJ,FALSE,0,NA,3/7/2018 6:39,FALSE,NA,9.71E+17,NA,"\<a href=\http://instagram.com\\""\"" rel=\\""\""nofollow\\""\"">Instagram</a>\""\""\""""",LizBiancarp,0,FALSE,FALSE,1.86849117,45.30785503
Flu <ed><U+00A0><U+00BE><ed><U+00B4><U+00A7> is still getting the better of me <ed><U+00A0><U+00BD><ed><U+00B8><U+00B7> <ed><U+00A0><U+00BD><ed><U+00B8><U+00A2> @ PAR HOSPITAL https://t.co/4AWX0SIiQE,FALSE,0,NA,3/7/2018 6:33,FALSE,NA,9.71E+17,NA,"\<a href=\http://instagram.com\\""\"" rel=\\""\""nofollow\\""\"">Instagram</a>\""\""\""""",BeeVuyani,0,FALSE,FALSE,44.02635813,36.18267528
Wanted to feel human while dealing with the flu so I played with my palette from @juviasplace? https://t.co/LsJw9mvOHc,FALSE,0,NA,3/7/2018 0:47,FALSE,NA,9.71E+17,NA,"\<a href=\http://instagram.com\\""\"" rel=\\""\""nofollow\\""\"">Instagram</a>\""\""\""""",ingridsaliste,0,FALSE,FALSE,-63.5735,44.6462
GORDANA ?IKIC: RED DEER- doktors #exhibitions @ Galerija Flu https://t.co/LAS9vMqopi,FALSE,0,NA,3/6/2018 18:59,FALSE,NA,9.71E+17,NA,"\<a href=\http://instagram.com\\""\"" rel=\\""\""nofollow\\""\"">Instagram</a>\""\""\""""",VladaBrada,0,FALSE,FALSE,20.4537697,44.8196716
the last couple of weeks have been painful <ed><U+00A0><U+00BD><ed><U+00B8><U+00BF> i caught a flu which almost killed me and my body? https://t.co/eUL9jrDp0i,FALSE,0,NA,3/6/2018 18:45,FALSE,NA,9.71E+17,NA,"\<a href=\http://instagram.com\\""\"" rel=\\""\""nofollow\\""\"">Instagram</a>\""\""\""""",IamAudreyG,0,FALSE,FALSE,2.3508,48.8567
"Don?t skip over? https://t.co/0b8TxKoivx\"",FALSE""",FALSE,0,NA,3/6/2018 16:29,FALSE,NA,9.71E+17,NA,"\<a href=\http://instagram.com\\""\"" rel=\\""\""nofollow\\""\"">Instagram</a>\""\""\""""",CindyFiala,0,FALSE,FALSE,-104.961,40.1112
Workout with flu<ed><U+00A0><U+00BD><ed><U+00B8><U+00AA> not a Good Idea .. but almost done <U+2705><ed><U+00A0><U+00BD><ed><U+00B8><U+0081>happy Tuesday !! (@ Club Atletico Four Seasons Hotel in Mexi? https://t.co/SGHywoIYWO,FALSE,0,NA,3/6/2018 12:33,TRUE,NA,9.71E+17,NA,"\<a href=\http://foursquare.com\\""\"" rel=\\""\""nofollow\\""\"">Foursquare</a>\""\""\""""",carandaukmx,0,FALSE,FALSE,-99.17363109,19.42135341
@ButterflyDan  Mine too: flu &amp; knees. We need Spring like we've never needed it before. It will sort us out...,FALSE,0,ButterflyDan,3/6/2018 10:46,FALSE,9.71E+17,9.71E+17,274045550,"\<a href=\http://www.twitter.com\\""\"" rel=\\""\""nofollow\\""\"">Twitter for Windows Phone</a>\""\""\""""",NTMatthewOates,0,FALSE,FALSE,-2.104195,51.66158
Stigmabase | UK ? Winter flu jab is 'poor' in protecting people from killer 'Aussie flu' - study -?The flu jab give? https://t.co/A8eeMhWNQD,FALSE,0,NA,3/6/2018 6:19,TRUE,NA,9.71E+17,NA,"\<a href=\https://dlvrit.com/\\""\"" rel=\\""\""nofollow\\""\"">dlvr.it</a>\""\""\""""",Pairsonnalites,0,FALSE,FALSE,-0.1373291,51.49506473
So happy to be back to @corepoweryoga today after the flu and traveling <ed><U+00A0><U+00BE><ed><U+00B7><U+0098><ed><U+00A0><U+00BC><ed><U+00BF><U+00BC><U+200D><U+2640><U+FE0F> even smiling? https://t.co/4hJdOdPZbo,FALSE,0,NA,3/6/2018 1:25,FALSE,NA,9.71E+17,NA,"\<a href=\http://instagram.com\\""\"" rel=\\""\""nofollow\\""\"">Instagram</a>\""\""\""""",STUDIOartyoga,0,FALSE,FALSE,-71.045931,42.354006
Stigmabase | UK ? Winter flu jab is 'poor' in protecting people from killer 'Aussie flu' - study -?The flu jab give? https://t.co/ODnWQfJyww,FALSE,0,NA,3/6/2018 0:17,TRUE,NA,9.71E+17,NA,"\<a href=\https://dlvrit.com/\\""\"" rel=\\""\""nofollow\\""\"">dlvr.it</a>\""\""\""""",Pairsonnalites,0,FALSE,FALSE,-0.1373291,51.49506473
After 4+ days of high temperatures and little #food I might be getting better #flu #coldseason? https://t.co/zDoERst1HR,FALSE,0,NA,3/5/2018 21:42,FALSE,NA,9.71E+17,NA,"\<a href=\http://instagram.com\\""\"" rel=\\""\""nofollow\\""\"">Instagram</a>\""\""\""""",BCwhiterock,0,FALSE,FALSE,-122.817,49.0333
I'm still sick with the flu and I still miss warmer days in Barcelona. @ Parc de la Ciutadella https://t.co/QvcnHH0sJq,FALSE,0,NA,3/5/2018 20:10,FALSE,NA,9.71E+17,NA,"\<a href=\http://instagram.com\\""\"" rel=\\""\""nofollow\\""\"">Instagram</a>\""\""\""""",StephanieMacas,0,FALSE,FALSE,2.187517,41.388111
Wow i was off almost for a week...with the flu....but we are back to? https://t.co/hpjgLmwJCb,FALSE,0,NA,3/5/2018 18:28,FALSE,NA,9.71E+17,NA,"\<a href=\http://instagram.com\\""\"" rel=\\""\""nofollow\\""\"">Instagram</a>\""\""\""""",sharpeningtech,0,FALSE,FALSE,-121.3674841,38.6095212
What a wonderful Kappa mom?s weekend despite the stomach flu?s valiant effort to ruin it for us? https://t.co/u3TKDJ67gH,FALSE,1,NA,3/5/2018 18:17,FALSE,NA,9.71E+17,NA,"\<a href=\http://instagram.com\\""\"" rel=\\""\""nofollow\\""\"">Instagram</a>\""\""\""""",apingram,0,FALSE,FALSE,-94.17136,36.07074
Stigmabase | UK ? Winter flu jab is 'poor' in protecting people from killer 'Aussie flu' - study -?The flu jab give? https://t.co/wKzVXNNsJI,FALSE,0,NA,3/5/2018 18:16,TRUE,NA,9.71E+17,NA,"\<a href=\https://dlvrit.com/\\""\"" rel=\\""\""nofollow\\""\"">dlvr.it</a>\""\""\""""",Pairsonnalites,0,FALSE,FALSE,-0.1373291,51.49506473
Diamonds got the flu try not to catch this @ Kent State University https://t.co/SFtEjnqGsN,FALSE,0,NA,3/5/2018 18:09,FALSE,NA,9.71E+17,NA,"\<a href=\http://instagram.com\\""\"" rel=\\""\""nofollow\\""\"">Instagram</a>\""\""\""""",v_watson01,0,FALSE,FALSE,-81.34351718,41.14855923
Fresh corduroy for the Monday flu ;) @ Northstar California Resort https://t.co/016aWfyDqg,FALSE,0,NA,3/5/2018 17:36,FALSE,NA,9.71E+17,NA,"\<a href=\http://instagram.com\\""\"" rel=\\""\""nofollow\\""\"">Instagram</a>\""\""\""""",Michael_Lavigne,0,FALSE,FALSE,-120.1218894,39.27477855
home. showered. in bed.  on Monday at 6:30 pm. Full of paracetamol. I've been ignoring the flu? https://t.co/d4Q2QgRGvf,FALSE,0,NA,3/5/2018 17:32,FALSE,NA,9.71E+17,NA,"\<a href=\http://instagram.com\\""\"" rel=\\""\""nofollow\\""\"">Instagram</a>\""\""\""""",NikoSarcevic,0,FALSE,FALSE,7.84527778,47.99388889
storytime during flu season with Bear Song at kidsandprose <ed><U+00A0><U+00BD><ed><U+00B8><U+0086> @ Politics and Prose Bookstore https://t.co/jgTF2He7FL,FALSE,0,NA,3/5/2018 16:26,FALSE,NA,9.71E+17,NA,"\<a href=\http://instagram.com\\""\"" rel=\\""\""nofollow\\""\"">Instagram</a>\""\""\""""",btransatlantic,0,FALSE,FALSE,-77.06965,38.95547
This is my #flu shot! #flushot #colloidalsilver @ Zmuzik Designs https://t.co/m7TXcVhTh0,FALSE,0,NA,3/5/2018 15:52,FALSE,NA,9.71E+17,NA,"\<a href=\http://instagram.com\\""\"" rel=\\""\""nofollow\\""\"">Instagram</a>\""\""\""""",zmuzikpraDoocer,0,FALSE,FALSE,-89.86379964,35.13349693
And one workday is done! Feels very good! Long day tomorrow and flu all over kindergarten and? https://t.co/oOmHlLjTfS,FALSE,0,NA,3/5/2018 14:58,FALSE,NA,9.71E+17,NA,"\<a href=\http://instagram.com\\""\"" rel=\\""\""nofollow\\""\"">Instagram</a>\""\""\""""",ABlumberga,0,FALSE,FALSE,10.3933,63.4297
My kid has been sick with the flu for the second time this year. Poor thing is just sleeping so? https://t.co/rUI6wfe8IT,FALSE,0,NA,3/5/2018 13:11,FALSE,NA,9.71E+17,NA,"\<a href=\http://instagram.com\\""\"" rel=\\""\""nofollow\\""\"">Instagram</a>\""\""\""""",jenmoffatwriter,0,FALSE,FALSE,-79.3407,43.7166
"\Back to? https://t.co/OKsYzBp7iI\""\""\""""",FALSE,0,NA,3/5/2018 11:57,FALSE,NA,9.71E+17,NA,"\<a href=\http://instagram.com\\""\"" rel=\\""\""nofollow\\""\"">Instagram</a>\""\""\""""",tapsuout911,0,FALSE,FALSE,-71.41461619,41.83907453
My stress reliever while I'm still sick with the flu @ Makati https://t.co/UkOt7RQNHI,FALSE,1,NA,3/5/2018 10:46,FALSE,NA,9.71E+17,NA,"\<a href=\http://instagram.com\\""\"" rel=\\""\""nofollow\\""\"">Instagram</a>\""\""\""""",DJliveYoshi,0,FALSE,FALSE,121.029,14.5569
Sooooo good to be back in the saddle again - 10 days away from my Rebel with flu and weather but? https://t.co/bO3UXJBKSQ,FALSE,1,NA,3/5/2018 10:29,FALSE,NA,9.71E+17,NA,"\<a href=\http://instagram.com\\""\"" rel=\\""\""nofollow\\""\"">Instagram</a>\""\""\""""",TripleDaws,0,FALSE,FALSE,-3.37704013,50.92064384
And so begins day three of the man flu... Cabin fever is starting to set in... Called in Sick at? https://t.co/2zP8leOrJs,FALSE,0,NA,3/5/2018 8:22,FALSE,NA,9.71E+17,NA,"\<a href=\http://instagram.com\\""\"" rel=\\""\""nofollow\\""\"">Instagram</a>\""\""\""""",johanjohansen,0,FALSE,FALSE,9.48333,55.5167
The best way to combat flu is not to take too much mediCation like fever relief pills - best is? https://t.co/OI62Ff7J1J,FALSE,0,NA,3/5/2018 4:18,FALSE,NA,9.71E+17,NA,"\<a href=\http://instagram.com\\""\"" rel=\\""\""nofollow\\""\"">Instagram</a>\""\""\""""",ianlow32,0,FALSE,FALSE,103.8365507,1.30205748
After a weeks flu the voices i make to lift some weights are like in a zoo? https://t.co/iQbYFkH8b4,FALSE,1,NA,3/4/2018 20:36,FALSE,NA,9.70E+17,NA,"\<a href=\http://instagram.com\\""\"" rel=\\""\""nofollow\\""\"">Instagram</a>\""\""\""""",mirisaar,0,FALSE,FALSE,34.80373,32.08335
Flu!!!!,FALSE,0,NA,3/4/2018 19:31,FALSE,NA,9.70E+17,NA,"\<a href=\http://twitter.com/download/iphone\\""\"" rel=\\""\""nofollow\\""\"">Twitter for iPhone</a>\""\""\""""",MaWeibin,0,FALSE,FALSE,-78.78611998,43.00060577
When you have the flu you stay home to get better. Mental health days are just as important. I? https://t.co/8SLD4UTqhw,FALSE,1,NA,3/4/2018 18:00,FALSE,NA,9.70E+17,NA,"\<a href=\http://instagram.com\\""\"" rel=\\""\""nofollow\\""\"">Instagram</a>\""\""\""""",LoveScalesLax,1,FALSE,FALSE,-87.54630699,33.209621
Husband has been feeling under the weather since the flu so gave him some reiki with help of my? https://t.co/CoA7dNqrNT,FALSE,0,NA,3/4/2018 17:40,FALSE,NA,9.70E+17,NA,"\<a href=\http://instagram.com\\""\"" rel=\\""\""nofollow\\""\"">Instagram</a>\""\""\""""",Whitessence1,0,FALSE,FALSE,-3.65723868,50.54557383
Got over the flu <ed><U+00A0><U+00BD><ed><U+00B8><U+00B7> and hopped back in the gym WHEEEEW it was a rough workout today LAWWWD @ Life? https://t.co/FnFsRpa9NX,FALSE,0,NA,3/4/2018 16:10,FALSE,NA,9.70E+17,NA,"\<a href=\http://instagram.com\\""\"" rel=\\""\""nofollow\\""\"">Instagram</a>\""\""\""""",ogpoppyink,0,FALSE,FALSE,-97.11359,32.60869
Been stuck like this for 4 days. It?s been fun Flu but I think our time together has come to an? https://t.co/3Mqd7Z2SfI,FALSE,0,NA,3/4/2018 15:32,FALSE,NA,9.70E+17,NA,"\<a href=\http://instagram.com\\""\"" rel=\\""\""nofollow\\""\"">Instagram</a>\""\""\""""",JessicaWeymouth,0,FALSE,FALSE,-2.5,50.95
Told her I didn?t feel good last night. She told me Jordan had the flu and scored 38...? https://t.co/gKYuQHDS9V,FALSE,0,NA,3/4/2018 14:14,FALSE,NA,9.70E+17,NA,"\<a href=\http://instagram.com\\""\"" rel=\\""\""nofollow\\""\"">Instagram</a>\""\""\""""",SethHollabaugh,0,FALSE,FALSE,-85.7083,38.2273
Repping my beyonce concert tee while I?m recovering from the flu. beyonce is one of many? https://t.co/1yMNcl4UiC,FALSE,0,NA,3/4/2018 14:02,FALSE,NA,9.70E+17,NA,"\<a href=\http://instagram.com\\""\"" rel=\\""\""nofollow\\""\"">Instagram</a>\""\""\""""",MktgMavenATL,0,FALSE,FALSE,-84.3881,33.7489
Sunday night bonding... Thank you hubby for taking care of me last night when I had a bad flu.? https://t.co/692yHluVoB,FALSE,0,NA,3/4/2018 14:02,FALSE,NA,9.70E+17,NA,"\<a href=\http://instagram.com\\""\"" rel=\\""\""nofollow\\""\"">Instagram</a>\""\""\""""",khaye_mayo,0,FALSE,FALSE,120.9038436,14.40198
I?m still looking for my deers but now I?m ?awake? since I heard d of that Zombie Deer Flu <ed><U+00A0><U+00BE><ed><U+00B7><U+0090><ed><U+00A0><U+00BE><ed><U+00B7><U+0090><ed><U+00A0><U+00BE><ed><U+00B7><U+0090> (@ Sweetwater Creek? https://t.co/RVPSW3Fxuu,FALSE,0,NA,3/4/2018 13:56,TRUE,NA,9.70E+17,NA,"\<a href=\http://foursquare.com\\""\"" rel=\\""\""nofollow\\""\"">Foursquare</a>\""\""\""""",CarolinaRedd,0,FALSE,FALSE,-84.62842109,33.75387947
I'm at Flu Cafe https://t.co/k9SvJwn5vh,FALSE,0,NA,3/4/2018 13:22,FALSE,NA,9.70E+17,NA,"\<a href=\http://foursquare.com\\""\"" rel=\\""\""nofollow\\""\"">Foursquare</a>\""\""\""""",BurhaanKocaman,0,FALSE,FALSE,28.93741252,41.00949367
<ed><U+00A0><U+00BE><ed><U+00B4><U+00A9><ed><U+00A0><U+00BE><ed><U+00B4><U+00A9><ed><U+00A0><U+00BE><ed><U+00B4><U+00A9>#Imagine fighting the #flu for a few days Then #Boom #Sunday u up feeling so #Blessed U Get? https://t.co/xcFyENJbXX,FALSE,0,NA,3/4/2018 12:16,FALSE,NA,9.70E+17,NA,"\<a href=\http://instagram.com\\""\"" rel=\\""\""nofollow\\""\"">Instagram</a>\""\""\""""",LAKEWOODHEIS,0,FALSE,FALSE,-95.2603465,29.820527
"#breakfast #bread #cheese #royalcopenhagen? https://t.co/88HMhPivL0\"",FALSE""",FALSE,0,NA,3/4/2018 9:30,FALSE,NA,9.70E+17,NA,"\<a href=\http://instagram.com\\""\"" rel=\\""\""nofollow\\""\"">Instagram</a>\""\""\""""",johanjohansen,0,FALSE,FALSE,9.48333,55.5167
<ed><U+00A0><U+00BD><ed><U+00B3><U+0088> The flu epidemic is easing up https://t.co/UZ7TYUPXz5,FALSE,0,trendinaliaMY,3/4/2018 7:13,FALSE,9.70E+17,9.70E+17,1372563925,"\<a href=\http://trendinalia.com\\""\"" rel=\\""\""nofollow\\""\"">Malaysia Trends</a>\""\""\""""",trendinaliaMY,0,FALSE,FALSE,114.4017,3.9451
how can you say no to blood sausage on blini with chutney to kill jet lag and flu but the? https://t.co/cAJL0E1doR,FALSE,0,NA,3/4/2018 5:50,FALSE,NA,9.70E+17,NA,"\<a href=\http://instagram.com\\""\"" rel=\\""\""nofollow\\""\"">Instagram</a>\""\""\""""",newstastecoment,0,FALSE,FALSE,2.36066,48.85565
Damn flu is kicking my butt. Not the way I want to spend a Saturday. #Netflixbinging #bedhead? https://t.co/RN1oSBXoqs,FALSE,0,NA,3/4/2018 1:42,FALSE,NA,9.70E+17,NA,"\<a href=\http://instagram.com\\""\"" rel=\\""\""nofollow\\""\"">Instagram</a>\""\""\""""",AbNewsgirl,0,FALSE,FALSE,-113.517,53.5667
Things that make me feel better when I have the #flu #odin @whiskyallen and #thebirds !!!? https://t.co/pTnKHBmQ6Q,FALSE,0,NA,3/4/2018 1:11,FALSE,NA,9.70E+17,NA,"\<a href=\http://instagram.com\\""\"" rel=\\""\""nofollow\\""\"">Instagram</a>\""\""\""""",hectorqlspider,0,FALSE,FALSE,-118.372,34.0879
This Is Exactly How a Doctor Uses Apple Cider Vinegar to Fight the Flu So You Can Do the Same? https://t.co/3JurhBwDSj,FALSE,0,NA,3/3/2018 23:06,TRUE,NA,9.70E+17,NA,"\<a href=\https://dlvrit.com/\\""\"" rel=\\""\""nofollow\\""\"">dlvr.it</a>\""\""\""""",CelebFitnessTV,0,FALSE,FALSE,-0.18016398,51.48217862
Here's a friendly PSA during flu season  - TAKE THIS! I have managed to sail through with a few? https://t.co/Wzg7zhoPVq,FALSE,0,NA,3/3/2018 22:44,FALSE,NA,9.70E+17,NA,"\<a href=\http://instagram.com\\""\"" rel=\\""\""nofollow\\""\"">Instagram</a>\""\""\""""",singbowlgranola,0,FALSE,FALSE,-123.35,48.4333
"will it help with #flu #grippe ? @ M?lheim-K?rlich https://t.co/85dqkDx3Uz\"",FALSE""",FALSE,0,NA,3/3/2018 20:23,FALSE,NA,9.70E+17,NA,"\<a href=\http://instagram.com\\""\"" rel=\\""\""nofollow\\""\"">Instagram</a>\""\""\""""",Arthur_Brehm,0,FALSE,FALSE,7.5,50.3833
Here's a sneak peek of an editorial I shot during the week I had that awful flu! I'm pretty? https://t.co/JDS6Ii8Xui,FALSE,0,NA,3/3/2018 18:13,FALSE,NA,9.70E+17,NA,"\<a href=\http://instagram.com\\""\"" rel=\\""\""nofollow\\""\"">Instagram</a>\""\""\""""",oliviabossert,0,FALSE,FALSE,-5.06666667,50.15
When it?s Man vs Flu and this is your survival kit #flu #sosick? https://t.co/b3o6ttGQll,FALSE,0,NA,3/3/2018 18:12,FALSE,NA,9.70E+17,NA,"\<a href=\http://instagram.com\\""\"" rel=\\""\""nofollow\\""\"">Instagram</a>\""\""\""""",LeeRaphael,0,FALSE,FALSE,-0.12731805,51.50711486
Most tett k?zz? egy f?nyk?pet: @chrisdebrecen https://t.co/wJuLXP18zy,FALSE,0,NA,3/3/2018 17:19,FALSE,NA,9.70E+17,NA,"\<a href=\http://instagram.com\\""\"" rel=\\""\""nofollow\\""\"">Instagram</a>\""\""\""""",erika_flu,0,FALSE,FALSE,21.63916667,47.53
#dayatthevet #dogs #bassetthound #flu had to get booster shots for these to girls all was a? https://t.co/kQKgkEyxAa,FALSE,1,NA,3/3/2018 17:12,FALSE,NA,9.70E+17,NA,"\<a href=\http://instagram.com\\""\"" rel=\\""\""nofollow\\""\"">Instagram</a>\""\""\""""",Strike3photos,1,FALSE,FALSE,-119.3126285,36.30275716
Show tonight at crib_concerts has been canceled due to some nasty flu going around the venue.? https://t.co/WjrvedXZfH,FALSE,0,NA,3/3/2018 16:49,FALSE,NA,9.70E+17,NA,"\<a href=\http://instagram.com\\""\"" rel=\\""\""nofollow\\""\"">Instagram</a>\""\""\""""",The_Currys,0,FALSE,FALSE,-77.4211,38.9244
Flu &amp; strep both negative. Not ears either--she said those looked great! She said probably just? https://t.co/XmgWru81qo,FALSE,0,NA,3/3/2018 16:34,FALSE,NA,9.70E+17,NA,"\<a href=\http://instagram.com\\""\"" rel=\\""\""nofollow\\""\"">Instagram</a>\""\""\""""",MommyAngela3,0,FALSE,FALSE,-85.2187271,35.0001297
The past few weeks I?ve been DRAGGING working long hours at chipotle and dying with the flu has? https://t.co/E64BpYr0I4,FALSE,0,NA,3/3/2018 16:09,FALSE,NA,9.70E+17,NA,"\<a href=\http://instagram.com\\""\"" rel=\\""\""nofollow\\""\"">Instagram</a>\""\""\""""",RyterAnthony,0,FALSE,FALSE,-106.6075741,35.11051229
It was a struggle and it wasn't pretty but I got it done after fighting the flu past two days.? https://t.co/kEsKeBYDv2,FALSE,0,NA,3/3/2018 15:48,FALSE,NA,9.70E+17,NA,"\<a href=\http://instagram.com\\""\"" rel=\\""\""nofollow\\""\"">Instagram</a>\""\""\""""",rumlsd4always,0,FALSE,FALSE,-81.2496,41.7228
Sick Cat. #cat #flu #d?d?lle #2018 #onemanarmy @Oriszentpeter https://t.co/qzKXR1bMA0,FALSE,0,NA,3/3/2018 15:34,FALSE,NA,9.70E+17,NA,"\<a href=\http://instagram.com\\""\"" rel=\\""\""nofollow\\""\"">Instagram</a>\""\""\""""",JayDaMasta,0,FALSE,FALSE,16.4294,46.8408
Flu?s held me down for days so it was good to get back into it starting with legs and cardio.? https://t.co/pb6ymyV10w,FALSE,0,NA,3/3/2018 14:38,FALSE,NA,9.70E+17,NA,"\<a href=\http://instagram.com\\""\"" rel=\\""\""nofollow\\""\"">Instagram</a>\""\""\""""",ESINPT,0,FALSE,FALSE,-0.0733699,51.5594328
Last Saturday I was running #TGC2018 in 19 degrees <ed><U+00A0><U+00BD><ed><U+00B8><U+008A> This Saturday I am indoors with flu and it? https://t.co/BtRPnkSu8h,FALSE,2,NA,3/3/2018 12:42,FALSE,NA,9.70E+17,NA,"\<a href=\http://instagram.com\\""\"" rel=\\""\""nofollow\\""\"">Instagram</a>\""\""\""""",peskyzombies,0,FALSE,FALSE,-1.11667,53.5333
The view worth the flu <ed><U+00A0><U+00BE><ed><U+00B4><U+00A7> @ Bute Park https://t.co/G8vXYeHLmO,FALSE,0,NA,3/3/2018 12:17,FALSE,NA,9.70E+17,NA,"\<a href=\http://instagram.com\\""\"" rel=\\""\""nofollow\\""\"">Instagram</a>\""\""\""""",narishaerina,0,FALSE,FALSE,-3.189,51.489
The snowed in flu filled adventures continue - it?s Rob death roulette - what will kill me first? https://t.co/xIfcTcu3OW,FALSE,0,NA,3/3/2018 11:33,FALSE,NA,9.70E+17,NA,"\<a href=\http://instagram.com\\""\"" rel=\\""\""nofollow\\""\"">Instagram</a>\""\""\""""",TripleDaws,0,FALSE,FALSE,-3.37704013,50.92064384
Still got the flu but taking these so hopefully it will go cause? https://t.co/JfEZTi2Gxa,FALSE,0,NA,3/3/2018 9:18,FALSE,NA,9.70E+17,NA,"\<a href=\http://instagram.com\\""\"" rel=\\""\""nofollow\\""\"">Instagram</a>\""\""\""""",callumr37439433,0,FALSE,FALSE,-0.2995,51.4103
"#instafit? https://t.co/pZAsr7bqWz\"",FALSE""",FALSE,1,NA,3/3/2018 9:11,FALSE,NA,9.70E+17,NA,"\<a href=\http://instagram.com\\""\"" rel=\\""\""nofollow\\""\"">Instagram</a>\""\""\""""",ratedr_albrow,1,FALSE,FALSE,0.316667,51.6167
After recovering from a bout of Man Flu (I know well done to me!) I decided to avoid #stormemma? https://t.co/lnOSgPD6Q5,FALSE,1,NA,3/3/2018 9:01,FALSE,NA,9.70E+17,NA,"\<a href=\http://instagram.com\\""\"" rel=\\""\""nofollow\\""\"">Instagram</a>\""\""\""""",Bryant29Jb,0,FALSE,FALSE,-0.106,51.463
Finally kicked my flu in ass enough to come out and see #lyricstolife art exhibit in Downtown? https://t.co/OdO7FtOrD7,FALSE,1,NA,3/3/2018 4:17,FALSE,NA,9.70E+17,NA,"\<a href=\http://instagram.com\\""\"" rel=\\""\""nofollow\\""\"">Instagram</a>\""\""\""""",AbsoluteNil,0,FALSE,FALSE,-118.2293008,34.03347209
Post diarrhoea recovery run. Had trouble with stomach flu since wednesday. Could not follow my? https://t.co/FE388fssXn,FALSE,0,NA,3/3/2018 0:35,FALSE,NA,9.70E+17,NA,"\<a href=\http://instagram.com\\""\"" rel=\\""\""nofollow\\""\"">Instagram</a>\""\""\""""",rashidi_ishak,0,FALSE,FALSE,23.7875,38.03611111
"I?ve never felt so happy. I forgot what ?? https://t.co/swgg2QlMWu\"",FALSE""",FALSE,2,NA,3/3/2018 0:26,TRUE,NA,9.70E+17,NA,"\<a href=\http://tapbots.com/tweetbot\\""\"" rel=\\""\""nofollow\\""\"">Tweetbot for i<U+039F>S</a>\""\""\""""",_ErinLee,0,FALSE,FALSE,-71.15479209,42.37610891
Flu PSA at work. I feel old. @ Funimation Entertainment https://t.co/lTUW3scCco,FALSE,12,NA,3/3/2018 0:10,FALSE,NA,9.70E+17,NA,"\<a href=\http://instagram.com\\""\"" rel=\\""\""nofollow\\""\"">Instagram</a>\""\""\""""",KylePhillipsFUN,2,FALSE,FALSE,-97.04734,32.99508
How to Avoid the Scary Flu  https://t.co/DBuypvNcZx,FALSE,1,NA,3/3/2018 0:03,FALSE,NA,9.70E+17,NA,"\<a href=\http://www.squarespace.com\\""\"" rel=\\""\""nofollow\\""\"">Squarespace</a>\""\""\""""",Jeannie_NW,0,FALSE,FALSE,-122.3301121,47.6233544
"\This snippet of \Joyful/Lament\\""\"" is for the lover in you<ed><U+00A0><U+00BD><ed><U+00B8><U+0098> Bedridden with the flu and couldn't? https://t.co/geXPmYV6Nw\""\""\""""",FALSE,0,NA,3/2/2018 23:59,FALSE,NA,9.70E+17,NA,"\<a href=\http://instagram.com\\""\"" rel=\\""\""nofollow\\""\"">Instagram</a>\""\""\""""",tyyuhnuh,0,FALSE,FALSE,-87.6216,41.8671
?That Weather Will Kill Off All The Old Flu Bugs? Insists Local Mother: A COUNTY Waterford mother?has insisted that? https://t.co/T0xTHyELBV,FALSE,0,NA,3/2/2018 22:45,TRUE,NA,9.70E+17,NA,"\<a href=\https://dlvrit.com/\\""\"" rel=\\""\""nofollow\\""\"">dlvr.it</a>\""\""\""""",RebelDublin,0,FALSE,FALSE,-6.26172785,53.34417916
#flexfriday After finally getting over the flu now getting ready for summer? https://t.co/MSIpGxYrBo,FALSE,0,NA,3/2/2018 21:43,FALSE,NA,9.70E+17,NA,"\<a href=\http://instagram.com\\""\"" rel=\\""\""nofollow\\""\"">Instagram</a>\""\""\""""",DrRogerTsai,0,FALSE,FALSE,-118.243,34.0522
At working dialing 911 as everyone drops dead with the flu. #NotTodaySatan #ZicamOnDeck? https://t.co/x6Buvm40Zw,FALSE,0,NA,3/2/2018 21:03,FALSE,NA,9.70E+17,NA,"\<a href=\http://instagram.com\\""\"" rel=\\""\""nofollow\\""\"">Instagram</a>\""\""\""""",MikeNotMichaeI,0,FALSE,FALSE,-118.328,34.1802
Weekly Specials: Worn 2016 Air Jordan 12 Retro Flu Game (#42548) Sz 9.5 w/ Damaged Box In Good? https://t.co/i0hLgYG8qa,FALSE,0,NA,3/2/2018 19:43,FALSE,NA,9.70E+17,NA,"\<a href=\http://instagram.com\\""\"" rel=\\""\""nofollow\\""\"">Instagram</a>\""\""\""""",PRSTG_shop,0,FALSE,FALSE,-122.26435,37.77508
Weekly Specials: Worn 2016 Air Jordan XII Retro Flu Game (#42558) Sz 8 w/ Box In Good Condition? https://t.co/OFSzW9aTk5,FALSE,0,NA,3/2/2018 18:29,FALSE,NA,9.70E+17,NA,"\<a href=\http://instagram.com\\""\"" rel=\\""\""nofollow\\""\"">Instagram</a>\""\""\""""",PRSTG_shop,0,FALSE,FALSE,-122.26435,37.77508
When frozen canals and my Nikon are the best cure against the flu? https://t.co/8EmeT39TPm,FALSE,0,NA,3/2/2018 17:51,FALSE,NA,9.70E+17,NA,"\<a href=\http://instagram.com\\""\"" rel=\\""\""nofollow\\""\"">Instagram</a>\""\""\""""",creszens,0,FALSE,FALSE,4.88256,52.368776
"#megaflu #lemon #vitaminC #tea #ginger? https://t.co/nbJ2ljiNX2\"",FALSE""",FALSE,2,NA,3/2/2018 17:50,FALSE,NA,9.70E+17,NA,"\<a href=\http://instagram.com\\""\"" rel=\\""\""nofollow\\""\"">Instagram</a>\""\""\""""",emmawilkie,0,FALSE,FALSE,-73.5833,45.5
Feel the Feels Friday and I have the flu. I slept through the day and I notice I get scared? https://t.co/2LNZOIqEu0,FALSE,0,NA,3/2/2018 17:16,FALSE,NA,9.70E+17,NA,"\<a href=\http://instagram.com\\""\"" rel=\\""\""nofollow\\""\"">Instagram</a>\""\""\""""",IamBouwke,0,FALSE,FALSE,12.4,47.3833
The flu forced me to #revamp but not too bad #day1of30daychallenge #imcomingforyou280lbs big ups? https://t.co/IVdgNbB7J4,FALSE,0,NA,3/2/2018 17:09,FALSE,NA,9.70E+17,NA,"\<a href=\http://instagram.com\\""\"" rel=\\""\""nofollow\\""\"">Instagram</a>\""\""\""""",Big_Budah,0,FALSE,FALSE,-111.88834,40.57274
Bu iyilesmek r?ya gibi i?im disim ila?. Bu halsizlik ne?madem niye asi oldum #grip#flu #doktor? https://t.co/FvGqUMnvQe,FALSE,0,NA,3/2/2018 16:32,FALSE,NA,9.70E+17,NA,"\<a href=\http://instagram.com\\""\"" rel=\\""\""nofollow\\""\"">Instagram</a>\""\""\""""",filiztosyali,0,FALSE,FALSE,29.02596546,40.99109337
I'm at Flu Cafe https://t.co/wVZJA2DRLZ,FALSE,0,NA,3/2/2018 16:08,FALSE,NA,9.70E+17,NA,"\<a href=\http://foursquare.com\\""\"" rel=\\""\""nofollow\\""\"">Foursquare</a>\""\""\""""",BurhaanKocaman,0,FALSE,FALSE,28.93741252,41.00949367
Please don?t touch - Apotheek Koek - Vijzelgracht #apotheek #pharmacy #griep #flu #medicijn? https://t.co/S6F77pPx5D,FALSE,1,NA,3/2/2018 15:04,FALSE,NA,9.70E+17,NA,"\<a href=\http://instagram.com\\""\"" rel=\\""\""nofollow\\""\"">Instagram</a>\""\""\""""",alphonsnet,0,FALSE,FALSE,4.8922,52.3731
Being in bed with the flu for 5 days has a dreaming of getting back out there. Thanks for the? https://t.co/UbbmElp8oZ,FALSE,0,NA,3/2/2018 14:45,FALSE,NA,9.70E+17,NA,"\<a href=\http://instagram.com\\""\"" rel=\\""\""nofollow\\""\"">Instagram</a>\""\""\""""",AspenRealLife,0,FALSE,FALSE,-106.824,39.1923
A slightly cramped product photo setup to cap of a super busy week spanning both man flu and? https://t.co/lKnbqTL8Y6,FALSE,0,NA,3/2/2018 13:49,FALSE,NA,9.70E+17,NA,"\<a href=\http://instagram.com\\""\"" rel=\\""\""nofollow\\""\"">Instagram</a>\""\""\""""",MortenKoldby,0,FALSE,FALSE,10.20088663,56.15928716
Dying from the flu the past week but couldn't help myself from setting these up. New pair of? https://t.co/fB6f1YPKbp,FALSE,2,NA,3/2/2018 10:33,FALSE,NA,9.70E+17,NA,"\<a href=\http://instagram.com\\""\"" rel=\\""\""nofollow\\""\"">Instagram</a>\""\""\""""",mladouceur29,0,FALSE,FALSE,-0.1821,51.5216
This guy was awesome (with flu and all). #blakeshelton #rodeohouston #alwayshavefun @ RODEOHOUSTON https://t.co/r3yqH37cR8,FALSE,1,NA,3/2/2018 5:50,FALSE,NA,9.69E+17,NA,"\<a href=\http://instagram.com\\""\"" rel=\\""\""nofollow\\""\"">Instagram</a>\""\""\""""",noorhal,0,FALSE,FALSE,-95.40954069,29.68489809
You know you?ve hit peak #flu when you opt for Melrose Place over your Netflix watch list. @? https://t.co/4fEmmBKplC,FALSE,1,NA,3/2/2018 2:32,FALSE,NA,9.69E+17,NA,"\<a href=\http://instagram.com\\""\"" rel=\\""\""nofollow\\""\"">Instagram</a>\""\""\""""",socalgecko,0,FALSE,FALSE,-118.372,34.0879
"usually in decent? https://t.co/sNoUMfEP9H\"",FALSE""",FALSE,0,NA,3/2/2018 2:28,FALSE,NA,9.69E+17,NA,"\<a href=\http://instagram.com\\""\"" rel=\\""\""nofollow\\""\"">Instagram</a>\""\""\""""",brianjsutton,0,FALSE,FALSE,-3.99353027,31.13055038
Nothing like a persistent flu to remind myself to be grateful that I?m generally in good form.? https://t.co/ybr7gvMeb4,FALSE,0,NA,3/2/2018 2:03,FALSE,NA,9.69E+17,NA,"\<a href=\http://instagram.com\\""\"" rel=\\""\""nofollow\\""\"">Instagram</a>\""\""\""""",brianjsutton,0,FALSE,FALSE,-3.99353027,31.13055038
Some intensive Indian Immune support is all or naan to get my wife through this flu <ed><U+00A0><U+00BD><ed><U+00B8><U+00B7> This is a? https://t.co/8OrqhUEnuB,FALSE,0,NA,3/2/2018 1:00,FALSE,NA,9.69E+17,NA,"\<a href=\http://instagram.com\\""\"" rel=\\""\""nofollow\\""\"">Instagram</a>\""\""\""""",QueensEatsIG,0,FALSE,FALSE,-73.91186,40.77479
Health knowledge is good knowledge! Stay ahead of this year's cold and flu season <ed><U+00A0><U+00BD><ed><U+00B2><U+00AA><ed><U+00A0><U+00BC><ed><U+00BF><U+00BC><ed><U+00A0><U+00BC><ed><U+00BD><U+00B5>? https://t.co/iRlMnC3mKZ,FALSE,0,NA,3/1/2018 23:18,FALSE,NA,9.69E+17,NA,"\<a href=\http://instagram.com\\""\"" rel=\\""\""nofollow\\""\"">Instagram</a>\""\""\""""",OrangeTVNetwork,0,FALSE,FALSE,-76.13500586,43.03930465
"#march #spring #idesofmarch #daylightsavings? https://t.co/kN0kZG8wDl\"",FALSE""",FALSE,0,NA,3/1/2018 22:09,FALSE,NA,9.69E+17,NA,"\<a href=\http://instagram.com\\""\"" rel=\\""\""nofollow\\""\"">Instagram</a>\""\""\""""",Wealthysoul,0,FALSE,FALSE,-77.4615,37.5383
One more day closer to my goals... me &amp; lil guy are back in the living from the flu.. (thank you? https://t.co/059TmXINX3,FALSE,2,NA,3/1/2018 20:15,FALSE,NA,9.69E+17,NA,"\<a href=\http://instagram.com\\""\"" rel=\\""\""nofollow\\""\"">Instagram</a>\""\""\""""",WARRIORBRIDE,0,FALSE,FALSE,-96.67649,33.10052
On a day when i had so much to do but the flu had other ideas and i ended up cancelling my? https://t.co/l8OsXBTb7A,FALSE,1,NA,3/1/2018 20:12,FALSE,NA,9.69E+17,NA,"\<a href=\http://instagram.com\\""\"" rel=\\""\""nofollow\\""\"">Instagram</a>\""\""\""""",NicolaJaneHobbs,0,FALSE,FALSE,-0.1313,50.8429
Weekly Specials: NDS 2016 Air Jordan XII Retro Flu Game (#42517) Sz 5.5y w/ Replacement Box In? https://t.co/BVAOxHVyG8,FALSE,0,NA,3/1/2018 19:48,FALSE,NA,9.69E+17,NA,"\<a href=\http://instagram.com\\""\"" rel=\\""\""nofollow\\""\"">Instagram</a>\""\""\""""",PRSTG_shop,0,FALSE,FALSE,-122.26435,37.77508
Leave it to me to skip the flu and move straight to pneumonia. (There is now a face mask? https://t.co/gpDF1MUq5s,FALSE,0,NA,3/1/2018 19:16,FALSE,NA,9.69E+17,NA,"\<a href=\http://instagram.com\\""\"" rel=\\""\""nofollow\\""\"">Instagram</a>\""\""\""""",donora_ann,0,FALSE,FALSE,-81.46446258,40.95950614
nicoleforshaw Guess where I am. #flu  #quarantine #humancentipede @? https://t.co/OeGMsQC4tq,FALSE,0,NA,3/1/2018 18:51,FALSE,NA,9.69E+17,NA,"\<a href=\http://instagram.com\\""\"" rel=\\""\""nofollow\\""\"">Instagram</a>\""\""\""""",TheWiganjoker,0,FALSE,FALSE,-2.62907821,53.55818225
"Remember there is an? https://t.co/SYqpQ8D201\"",FALSE""",FALSE,0,NA,3/1/2018 16:46,FALSE,NA,9.69E+17,NA,"\<a href=\http://instagram.com\\""\"" rel=\\""\""nofollow\\""\"">Instagram</a>\""\""\""""",ESGJRConsulting,0,FALSE,FALSE,-72.4999107,44.1609454
Trying to get back in the swing of things This FLU is NO joke and the weathers NOT? https://t.co/Jm7C58IDTe,FALSE,0,NA,3/1/2018 14:49,FALSE,NA,9.69E+17,NA,"\<a href=\http://instagram.com\\""\"" rel=\\""\""nofollow\\""\"">Instagram</a>\""\""\""""",rc5677,0,FALSE,FALSE,-89.946064,35.118349
#tbt to having the flu 3 weeks ago and taking sick days from work.? https://t.co/5nG3yP501D,FALSE,0,NA,3/1/2018 14:36,FALSE,NA,9.69E+17,NA,"\<a href=\http://instagram.com\\""\"" rel=\\""\""nofollow\\""\"">Instagram</a>\""\""\""""",MarisLC,0,FALSE,FALSE,-74.2233,39.7531
"https://t.co/IqIuGbyNDl https://t.co/M6t51YN7f4\"",FALSE""",FALSE,5,NA,3/1/2018 14:35,FALSE,NA,9.69E+17,NA,"\<a href=\http://www.hootsuite.com\\""\"" rel=\\""\""nofollow\\""\"">Hootsuite</a>\""\""\""""",GMexico_oficial,2,FALSE,FALSE,-99.34405421,19.30784128
@barkingbabs1971 I?ve had real flu twice in my life. It was bizarre. Hallucinations for 4 days each time. With a pa? https://t.co/huNmLwDr9c,FALSE,0,barkingbabs1971,3/1/2018 14:02,TRUE,9.69E+17,9.69E+17,21179042,"\<a href=\http://tapbots.com/tweetbot\\""\"" rel=\\""\""nofollow\\""\"">Tweetbot for i<U+039F>S</a>\""\""\""""",IanRobinson,0,FALSE,FALSE,-5.81754145,54.59342642
So a stomach flu has made its way through my home. That being said my kids have recovered quickly and it?s the firs? https://t.co/SGhWSLHqx6,FALSE,0,NA,3/1/2018 14:00,TRUE,NA,9.69E+17,NA,"\<a href=\http://www.hootsuite.com\\""\"" rel=\\""\""nofollow\\""\"">Hootsuite</a>\""\""\""""",MullisSabrina,0,FALSE,FALSE,-106.6633596,52.10148716
Flu<ed><U+00A0><U+00BD><ed><U+00B8><U+00B7>,FALSE,1,NA,3/1/2018 13:11,FALSE,NA,9.69E+17,NA,"\<a href=\http://twitter.com/download/android\\""\"" rel=\\""\""nofollow\\""\"">Twitter for Android</a>\""\""\""""",Jazz_sammi,0,FALSE,FALSE,122.5431076,10.7302474
"The past two days were spent recovering from flu even if I? https://t.co/Ph9S7HyfDL\"",FALSE""",FALSE,0,NA,3/1/2018 12:22,FALSE,NA,9.69E+17,NA,"\<a href=\http://instagram.com\\""\"" rel=\\""\""nofollow\\""\"">Instagram</a>\""\""\""""",itsmeoriGEEnal,0,FALSE,FALSE,122.966,10.7372
"You know what would probably be a good cure for my cold? A steaming hot? https://t.co/p1mvdWQC3Q\"",FALSE""",FALSE,0,NA,3/1/2018 8:33,FALSE,NA,9.69E+17,NA,"\<a href=\http://instagram.com\\""\"" rel=\\""\""nofollow\\""\"">Instagram</a>\""\""\""""",johanjohansen,0,FALSE,FALSE,12.55857,55.66881
Why you don?t wanna let me go ?sick? ? Flu yet end fever is coming and best thing I?m flying? https://t.co/OxFUra60Hf,FALSE,0,NA,3/1/2018 1:44,FALSE,NA,9.69E+17,NA,"\<a href=\http://instagram.com\\""\"" rel=\\""\""nofollow\\""\"">Instagram</a>\""\""\""""",ElizabethSoon,0,FALSE,FALSE,101.6817337,2.74263017
Missing my other half <U+2665><U+FE0F> @gabemoen decided it would be a good idea to get the flu three days? https://t.co/A7EoKUnzm7,FALSE,2,NA,2/28/2018 22:36,FALSE,NA,9.69E+17,NA,"\<a href=\http://instagram.com\\""\"" rel=\\""\""nofollow\\""\"">Instagram</a>\""\""\""""",StephMoen00,0,FALSE,FALSE,-122.3033419,47.4426096
"$260 @ Vintage Replay La https://t.co/rUaMT63SbP\"",FALSE""",FALSE,0,NA,2/28/2018 20:36,FALSE,NA,9.69E+17,NA,"\<a href=\http://instagram.com\\""\"" rel=\\""\""nofollow\\""\"">Instagram</a>\""\""\""""",Vintagereplayla,0,FALSE,FALSE,-92.0478,30.31679
#post #flu #therapy #notfun @ Seaport District NYC https://t.co/idjAQr507e,FALSE,0,NA,2/28/2018 19:54,FALSE,NA,9.69E+17,NA,"\<a href=\http://instagram.com\\""\"" rel=\\""\""nofollow\\""\"">Instagram</a>\""\""\""""",kipkouri,0,FALSE,FALSE,-74.0035553,40.7070045
NIKE ? S A M P L E ? PAIR || JORDAN FLU GAME 12?s <ed><U+00A0><U+00BE><ed><U+00B4><U+0092> NFS* my size (12) || BLACK ON BLACK POLO? https://t.co/kvfMcYcwmX,FALSE,0,NA,2/28/2018 18:40,FALSE,NA,9.69E+17,NA,"\<a href=\http://instagram.com\\""\"" rel=\\""\""nofollow\\""\"">Instagram</a>\""\""\""""",iamDGaines1,0,FALSE,FALSE,-86.4444,36.9817
Be sure to get your flu shots kids. This flu season is gnarly.. #sickday milestonemx @ Milestone? https://t.co/3sy0x8myEv,FALSE,2,NA,2/28/2018 18:16,FALSE,NA,9.69E+17,NA,"\<a href=\http://instagram.com\\""\"" rel=\\""\""nofollow\\""\"">Instagram</a>\""\""\""""",motoguy21,0,FALSE,FALSE,-117.369819,34.02311931
Moments before I got the flu. I wonder what caused it <ed><U+00A0><U+00BE><ed><U+00B4><U+00A7> @ Finsbury Park https://t.co/o5Clm1UWcW,FALSE,0,NA,2/28/2018 16:44,FALSE,NA,9.69E+17,NA,"\<a href=\http://instagram.com\\""\"" rel=\\""\""nofollow\\""\"">Instagram</a>\""\""\""""",sophiasofs,0,FALSE,FALSE,-0.1017576,51.5736854
This is where I healed the last two weeks both from the flu and some? https://t.co/zWBUHa5HE4,FALSE,0,NA,2/28/2018 15:19,FALSE,NA,9.69E+17,NA,"\<a href=\http://instagram.com\\""\"" rel=\\""\""nofollow\\""\"">Instagram</a>\""\""\""""",MotorCityFringe,0,FALSE,FALSE,-89.9711,35.1174
I love #cupcakecult their tops are amazing i might have the flu and feel like poop but this? https://t.co/R3Nw2CQ3Dd,FALSE,0,NA,2/28/2018 11:26,FALSE,NA,9.69E+17,NA,"\<a href=\http://instagram.com\\""\"" rel=\\""\""nofollow\\""\"">Instagram</a>\""\""\""""",fluffybuni276,0,FALSE,FALSE,-3.59298773,50.54678938
These are the current moods I can't believe I have had this flu virus or cold virus which ever? https://t.co/q8Ro5PvIoC,FALSE,0,NA,2/28/2018 10:48,FALSE,NA,9.69E+17,NA,"\<a href=\http://instagram.com\\""\"" rel=\\""\""nofollow\\""\"">Instagram</a>\""\""\""""",Birminghamjosh,0,FALSE,FALSE,-1.91667,52.4667
Since returning from holiday I've been struck down by some weird stomach bug flu thing that left? https://t.co/fNoyjStEQJ,FALSE,0,NA,2/28/2018 9:44,FALSE,NA,9.69E+17,NA,"\<a href=\http://instagram.com\\""\"" rel=\\""\""nofollow\\""\"">Instagram</a>\""\""\""""",OyindaAro,0,FALSE,FALSE,-0.1448,51.5716
Pharmacist: Just take one today and 2 tomorrow... it?s not like you?ll wake up in the middle of the night to take i? https://t.co/Nt3cYZUg0i,FALSE,2,NA,2/28/2018 9:39,TRUE,NA,9.69E+17,NA,"\<a href=\http://tapbots.com/tweetbot\\""\"" rel=\\""\""nofollow\\""\"">Tweetbot for i<U+039F>S</a>\""\""\""""",_ErinLee,0,FALSE,FALSE,-71.15478375,42.37611529
Finally giving the finger to the man flu that?s been making me sound like Tom Waits for the? https://t.co/7zamDtIEOR,FALSE,2,NA,2/28/2018 9:29,FALSE,NA,9.69E+17,NA,"\<a href=\http://instagram.com\\""\"" rel=\\""\""nofollow\\""\"">Instagram</a>\""\""\""""",martinharley,1,FALSE,FALSE,-2.73333,52.7167
Left work early to go to the er... did someone say flu <ed><U+00A0><U+00BD><ed><U+00B8><U+00B7> #fluisintheair #sickfordays #literally? https://t.co/gpVquqjoUP,FALSE,0,NA,2/28/2018 4:08,FALSE,NA,9.69E+17,NA,"\<a href=\http://instagram.com\\""\"" rel=\\""\""nofollow\\""\"">Instagram</a>\""\""\""""",N8tvegem,0,FALSE,FALSE,-76.14956308,43.05620291
This flu has knocked me on my ass so hard. I haven?t been this sick in fucking years <ed><U+00A0><U+00BD><ed><U+00B8><U+00B7><ed><U+00A0><U+00BD><ed><U+00B8><U+00B7>,FALSE,0,NA,2/28/2018 1:19,FALSE,NA,9.69E+17,NA,"\<a href=\http://tapbots.com/tweetbot\\""\"" rel=\\""\""nofollow\\""\"">Tweetbot for i<U+039F>S</a>\""\""\""""",_ErinLee,0,FALSE,FALSE,-71.1547755,42.37613199
Hey @vedgerestaurant some weird flu like symptoms had me laid up for a couple days. As I'm? https://t.co/GDMEU58ISH,FALSE,1,NA,2/28/2018 0:49,FALSE,NA,9.69E+17,NA,"\<a href=\http://instagram.com\\""\"" rel=\\""\""nofollow\\""\"">Instagram</a>\""\""\""""",keithatyards,0,FALSE,FALSE,-75.1006,39.9767
"The #flu is caused by an influenza #virus infection. #There are three types? https://t.co/E9UrgCN4UA\"",FALSE""",FALSE,0,NA,2/27/2018 23:17,FALSE,NA,9.69E+17,NA,"\<a href=\http://instagram.com\\""\"" rel=\\""\""nofollow\\""\"">Instagram</a>\""\""\""""",DrJosefina,0,FALSE,FALSE,-80.3822,27.7074
#reality #flu #virus #duro #sick #check #list #medicine #bucketlist #pharmacy #pharmacist? https://t.co/AOt0T8lmfz,FALSE,0,NA,2/27/2018 21:34,FALSE,NA,9.69E+17,NA,"\<a href=\http://instagram.com\\""\"" rel=\\""\""nofollow\\""\"">Instagram</a>\""\""\""""",fciaencarnacion,0,FALSE,FALSE,-69.8924,18.4722
"\How true felt really ill the last few days with \man flu\\""\"" really grateful people have stood up? https://t.co/vA7aJBTaWM\""\""\""""",FALSE,1,NA,2/27/2018 21:16,FALSE,NA,9.69E+17,NA,"\<a href=\http://instagram.com\\""\"" rel=\\""\""nofollow\\""\"">Instagram</a>\""\""\""""",bycl1975,0,FALSE,FALSE,-0.50343157,53.72493854
Sorry but this is me right now! Can?t work because of this damn flu. I thought i am already over? https://t.co/1qAsXZ45vO,FALSE,39,NA,2/27/2018 20:52,FALSE,NA,9.69E+17,NA,"\<a href=\http://instagram.com\\""\"" rel=\\""\""nofollow\\""\"">Instagram</a>\""\""\""""",mistercmt,6,FALSE,FALSE,-117.929,33.8799
"He lost his first tooth last night? https://t.co/fPpTLTPK9M\"",FALSE""",FALSE,0,NA,2/27/2018 20:43,FALSE,NA,9.69E+17,NA,"\<a href=\http://instagram.com\\""\"" rel=\\""\""nofollow\\""\"">Instagram</a>\""\""\""""",DaveHead40,0,FALSE,FALSE,-114.057,51.045
#Medicare #Reimbursed Flu Testing - #Respiratory #Viral &amp; Pathogen Panel available from Med Labs Unlimited - Improv? https://t.co/OZThpcXKCh,FALSE,0,NA,2/27/2018 20:10,TRUE,NA,9.69E+17,NA,"\<a href=\http://www.hootsuite.com\\""\"" rel=\\""\""nofollow\\""\"">Hootsuite</a>\""\""\""""",MedLabsUnltd,0,FALSE,FALSE,-80.0590804,26.5254562
Essential oils to fight the blues and the flu coming up on @betterct  at 3. #essentialoils? https://t.co/Cgjgy23lxO,FALSE,2,NA,2/27/2018 19:05,FALSE,NA,9.69E+17,NA,"\<a href=\http://instagram.com\\""\"" rel=\\""\""nofollow\\""\"">Instagram</a>\""\""\""""",karasundlun,0,FALSE,FALSE,-72.66245238,41.64765352
Me just trying to get through the flu season... #fluseason #officialbcb #healinghighway? https://t.co/bvrxpcbwqM,FALSE,4,NA,2/27/2018 18:37,FALSE,NA,9.69E+17,NA,"\<a href=\http://instagram.com\\""\"" rel=\\""\""nofollow\\""\"">Instagram</a>\""\""\""""",officialbcb,0,FALSE,FALSE,-80.355,27.2758
Some volume today. 5?5 with 70% felt easy and went smooth even though I'm dying from the flu.? https://t.co/j5kBdFQ9Hz,FALSE,0,NA,2/27/2018 18:19,FALSE,NA,9.69E+17,NA,"\<a href=\http://instagram.com\\""\"" rel=\\""\""nofollow\\""\"">Instagram</a>\""\""\""""",JTuisamoa,0,FALSE,FALSE,-122.48531,47.16962
When you have to come to Greenville VA clinic during flu season! Thieves for the win!!!! <ed><U+00A0><U+00BD><ed><U+00B8><U+00B7><ed><U+00A0><U+00BE><ed><U+00B4><U+00A7><ed><U+00A0><U+00BD><ed><U+00B8><U+008D>? https://t.co/QFdkRB39k6,FALSE,0,NA,2/27/2018 17:50,FALSE,NA,9.69E+17,NA,"\<a href=\http://instagram.com\\""\"" rel=\\""\""nofollow\\""\"">Instagram</a>\""\""\""""",The_LNS,0,FALSE,FALSE,-77.39964,35.61696
Over the flu like bug and getting treatment for this acute back strain! I?m coming back! @? https://t.co/bmNFko1F1B,FALSE,2,NA,2/27/2018 16:31,FALSE,NA,9.69E+17,NA,"\<a href=\http://instagram.com\\""\"" rel=\\""\""nofollow\\""\"">Instagram</a>\""\""\""""",egwilliams220,0,FALSE,FALSE,-83.2331,42.5378
From my first hike since getting the flu. #thatwasrough #flu2018  #letthemucusstop @ Flat Rock? https://t.co/7Z4CZEIyzP,FALSE,0,NA,2/27/2018 15:30,FALSE,NA,9.69E+17,NA,"\<a href=\http://instagram.com\\""\"" rel=\\""\""nofollow\\""\"">Instagram</a>\""\""\""""",rshersnow,0,FALSE,FALSE,-71.824539,42.600449
Flu! Taxes! McDonald?s! @ WHO Radio https://t.co/KEPeo6xNI3,FALSE,0,NA,2/27/2018 13:40,FALSE,NA,9.68E+17,NA,"\<a href=\http://instagram.com\\""\"" rel=\\""\""nofollow\\""\"">Instagram</a>\""\""\""""",JeffAngeloRadio,0,FALSE,FALSE,-93.64667,41.58513
I?ve been #gettingupearly every #morning as my #flu #wakesmeup and I can always #count on my? https://t.co/yZC9MQnPlD,FALSE,0,NA,2/27/2018 6:52,FALSE,NA,9.68E+17,NA,"\<a href=\http://instagram.com\\""\"" rel=\\""\""nofollow\\""\"">Instagram</a>\""\""\""""",redmutha,0,FALSE,FALSE,-0.188615,50.8458276
"#pregnancy #pregnant #newborn #mommy #motherhood? https://t.co/drQxXyfbnW\"",FALSE""",FALSE,1,NA,2/27/2018 6:50,TRUE,NA,9.68E+17,NA,"\<a href=\http://twitter.com/download/android\\""\"" rel=\\""\""nofollow\\""\"">Twitter for Android</a>\""\""\""""",makeupreviewblg,1,FALSE,FALSE,72.8234501,18.9943759
Geez it's freezing here -8?C... no wonder I have a cold ( lucky not the flu)  but nether the? https://t.co/cWRZLjdNdZ,FALSE,0,NA,2/27/2018 5:43,FALSE,NA,9.68E+17,NA,"\<a href=\http://instagram.com\\""\"" rel=\\""\""nofollow\\""\"">Instagram</a>\""\""\""""",AloHuester,0,FALSE,FALSE,7,51.3833
Sorry everyone! Getting the flu this week set me back and I just wasn?t able to prepare anything? https://t.co/9I4lNGyOdG,FALSE,0,NA,2/27/2018 5:07,FALSE,NA,9.68E+17,NA,"\<a href=\http://instagram.com\\""\"" rel=\\""\""nofollow\\""\"">Instagram</a>\""\""\""""",DanaReminsky,0,FALSE,FALSE,-74.4064,40.9038
Bye bye flu <ed><U+00A0><U+00BD><ed><U+00B9><U+008C> grateful for my night nurse <ed><U+00A0><U+00BD><ed><U+00B2><U+008A><ed><U+00A0><U+00BE><ed><U+00B4><U+0097><U+2764> #JimBelushi @? https://t.co/UQBhjdSQ1d,FALSE,1,NA,2/27/2018 4:57,FALSE,NA,9.68E+17,NA,"\<a href=\http://instagram.com\\""\"" rel=\\""\""nofollow\\""\"">Instagram</a>\""\""\""""",talitaolaheofa,0,FALSE,FALSE,-121.1327778,37.47305556
"A GEORGE J.? https://t.co/CeroN8QbRG\"",FALSE""",FALSE,0,NA,2/27/2018 4:31,FALSE,NA,9.68E+17,NA,"\<a href=\http://instagram.com\\""\"" rel=\\""\""nofollow\\""\"">Instagram</a>\""\""\""""",trustcahill,0,FALSE,FALSE,-75.13543,39.96514
"Back in the gym after a month. My teaching tour and that flu kicked? https://t.co/WB2L1i3wTj\"",FALSE""",FALSE,3,NA,2/27/2018 0:58,FALSE,NA,9.68E+17,NA,"\<a href=\http://instagram.com\\""\"" rel=\\""\""nofollow\\""\"">Instagram</a>\""\""\""""",PlanetMidori,0,FALSE,FALSE,-122.3884588,37.7568997
<ed><U+00A0><U+00BE><ed><U+00B6><U+0086><ed><U+00A0><U+00BC><ed><U+00BC><U+00B1>Recovering from the flu at the moment but so excited to play<ed><U+00A0><U+00BD><ed><U+00B7><U+00BD>The New Colossus<ed><U+00A0><U+00BD><ed><U+00B7><U+00BD>at @pianosnyc? https://t.co/vPIuSgCBba,FALSE,2,NA,2/27/2018 0:36,FALSE,NA,9.68E+17,NA,"\<a href=\http://instagram.com\\""\"" rel=\\""\""nofollow\\""\"">Instagram</a>\""\""\""""",sur__back,0,FALSE,FALSE,-73.98775,40.72104
Lessons from the 1918 flu epidemic https://t.co/3KcTGAADJ3,FALSE,0,NA,2/26/2018 23:31,FALSE,NA,9.68E+17,NA,"\<a href=\http://www.bubblelife.com\\""\"" rel=\\""\""nofollow\\""\"">BubbleLife</a>\""\""\""""",BLifeSMU,0,FALSE,FALSE,-96.78469849,32.86600113
Flu has gratefully subsided...managed to make it to DC this evening for a Medtech fed policy? https://t.co/eRj2fgIdsY,FALSE,1,NA,2/26/2018 22:58,FALSE,NA,9.68E+17,NA,"\<a href=\http://instagram.com\\""\"" rel=\\""\""nofollow\\""\"">Instagram</a>\""\""\""""",samkonduros,0,FALSE,FALSE,-77.02211,38.88256
When you have Man flu <ed><U+00A0><U+00BE><ed><U+00B4><U+00A7> and feel terrible you have to trace back the cause. I blame going to? https://t.co/ZgVC1KtAAP,FALSE,0,NA,2/26/2018 22:32,FALSE,NA,9.68E+17,NA,"\<a href=\http://instagram.com\\""\"" rel=\\""\""nofollow\\""\"">Instagram</a>\""\""\""""",nathanturrell,0,FALSE,FALSE,-1.848837,50.85050729
Have some bulls**t like flu symptoms right now. I can?t let that stop me from training legs.? https://t.co/dy0TBwUuvz,FALSE,0,NA,2/26/2018 22:19,FALSE,NA,9.68E+17,NA,"\<a href=\http://instagram.com\\""\"" rel=\\""\""nofollow\\""\"">Instagram</a>\""\""\""""",sheehanchad,0,FALSE,FALSE,-75.1396886,40.1685338
Flu time. <ed><U+00A0><U+00BE><ed><U+00B4><U+00A7><ed><U+00A0><U+00BE><ed><U+00B4><U+0092><ed><U+00A0><U+00BD><ed><U+00B8><U+00B7> #becauseisaidso #movies @ Isola Design District https://t.co/v8FWio5QmB,FALSE,0,NA,2/26/2018 22:03,FALSE,NA,9.68E+17,NA,"\<a href=\http://instagram.com\\""\"" rel=\\""\""nofollow\\""\"">Instagram</a>\""\""\""""",GerganaSavova,0,FALSE,FALSE,9.18887,45.48751
Those eyes say it all <ed><U+00A0><U+00BD><ed><U+00B8><U+00B7><ed><U+00A0><U+00BD><ed><U+00B1><U+0080> #feelingyucky #flu @ The Austin Diagnostic? https://t.co/pzCE6mA1ck,FALSE,0,NA,2/26/2018 21:01,FALSE,NA,9.68E+17,NA,"\<a href=\http://instagram.com\\""\"" rel=\\""\""nofollow\\""\"">Instagram</a>\""\""\""""",reallylonglegs,0,FALSE,FALSE,-97.70642585,30.41159675
After a full week stuck in my bed with the flu <ed><U+00A0><U+00BC><ed><U+00BC><U+00A1> ... I'm back to life and I'm ready to go back? https://t.co/IoMvY7VXnO,FALSE,0,NA,2/26/2018 19:52,FALSE,NA,9.68E+17,NA,"\<a href=\http://instagram.com\\""\"" rel=\\""\""nofollow\\""\"">Instagram</a>\""\""\""""",Thefra585,0,FALSE,FALSE,-1.65,49.65
Super excited to be at #hamilton with #AliB - celebrating by washing the cold &amp; flu tablets down? https://t.co/KGJFyS8j8y,FALSE,1,NA,2/26/2018 18:48,FALSE,NA,9.68E+17,NA,"\<a href=\http://instagram.com\\""\"" rel=\\""\""nofollow\\""\"">Instagram</a>\""\""\""""",kathycaton,0,FALSE,FALSE,-0.14248967,51.49667782
Missing from the CDC.... https://t.co/7Ho7a5W4Su @KKTVGROUP,FALSE,0,NA,2/26/2018 18:00,FALSE,NA,9.68E+17,NA,"\<a href=\http://www.tweetcaster.com\\""\"" rel=\\""\""nofollow\\""\"">TweetCaster for Android</a>\""\""\""""",KKTVGROUP,0,FALSE,FALSE,-79.80190443,33.69369369
It?s been 2 weeks since i got a good workout in - no thanks to the flu + a nasty upper? https://t.co/b4sepT4ZjA,FALSE,3,NA,2/26/2018 17:06,FALSE,NA,9.68E+17,NA,"\<a href=\http://instagram.com\\""\"" rel=\\""\""nofollow\\""\"">Instagram</a>\""\""\""""",ChristaMills24,0,FALSE,FALSE,-97.238086,32.8724
"No fever no chills no flu...? https://t.co/GeQWIR1uRL\"",FALSE""",FALSE,0,NA,2/26/2018 14:52,FALSE,NA,9.68E+17,NA,"\<a href=\http://instagram.com\\""\"" rel=\\""\""nofollow\\""\"">Instagram</a>\""\""\""""",Daddeo6645,0,FALSE,FALSE,-84.2978,33.7714
First day back to work after two weeks of battling the flu and sinus? https://t.co/0N1NFQr5Q0,FALSE,1,NA,2/26/2018 14:04,FALSE,NA,9.68E+17,NA,"\<a href=\http://instagram.com\\""\"" rel=\\""\""nofollow\\""\"">Instagram</a>\""\""\""""",DetroitGal,0,FALSE,FALSE,-77.00703621,38.88973011
I survived the flu and moving. @ 19144 https://t.co/5zDzEz7MM5,FALSE,0,NA,2/26/2018 13:33,FALSE,NA,9.68E+17,NA,"\<a href=\http://instagram.com\\""\"" rel=\\""\""nofollow\\""\"">Instagram</a>\""\""\""""",kpannepacker,0,FALSE,FALSE,-75.17518146,40.03230679
"ENT doctor told me : the flu virus is hitting the? https://t.co/rmE5GcCl2J\"",FALSE""",FALSE,0,NA,2/26/2018 10:42,FALSE,NA,9.68E+17,NA,"\<a href=\http://instagram.com\\""\"" rel=\\""\""nofollow\\""\"">Instagram</a>\""\""\""""",WaiSee11,0,FALSE,FALSE,103.815697,1.36068237
The worst thing about having the flu was missing @WritingInst #wrexhamroadreadingseries? https://t.co/OWlYVvj204,FALSE,1,NA,2/26/2018 10:25,FALSE,NA,9.68E+17,NA,"\<a href=\http://instagram.com\\""\"" rel=\\""\""nofollow\\""\"">Instagram</a>\""\""\""""",Shewrites,0,FALSE,FALSE,-73.8435489,40.9345345
S?m?kl? halimle #pazartesisendromu <ed><U+00A0><U+00BE><ed><U+00B4><U+00A7> #md #doctor #selfie #work #blackandwhite #curlyhair #flu? https://t.co/XHHPJOwCGb,FALSE,0,NA,2/26/2018 8:37,FALSE,NA,9.68E+17,NA,"\<a href=\http://instagram.com\\""\"" rel=\\""\""nofollow\\""\"">Instagram</a>\""\""\""""",thaslehoff,0,FALSE,FALSE,28.72429132,40.9790719
Quercetin ? A Far Better Flu Remedy Than Tamiflu https://t.co/qNi4bqLauw https://t.co/CkD6bP2XfZ,FALSE,0,NA,2/26/2018 6:24,FALSE,NA,9.68E+17,NA,"\<a href=\https://dlvrit.com/\\""\"" rel=\\""\""nofollow\\""\"">dlvr.it</a>\""\""\""""",1stChiroGilroy,0,FALSE,FALSE,-121.5705372,37.00748787
Flu season is coolest. <ed><U+00A0><U+00BE><ed><U+00B4><U+0092><ed><U+00A0><U+00BD><ed><U+00B2><U+0081><U+200D><U+2640><U+FE0F>  #Yay @ Downtown Salt Lake City https://t.co/FhhPZm18Jh,FALSE,0,NA,2/26/2018 5:26,FALSE,NA,9.68E+17,NA,"\<a href=\http://instagram.com\\""\"" rel=\\""\""nofollow\\""\"">Instagram</a>\""\""\""""",TheScarOfJ,0,FALSE,FALSE,-111.892,40.7667
It?s an ?eat ice cream out of the carton? kind of night. mkdirectorc has the flu and it was me? https://t.co/53Vbuld3Z1,FALSE,0,NA,2/26/2018 3:28,FALSE,NA,9.68E+17,NA,"\<a href=\http://instagram.com\\""\"" rel=\\""\""nofollow\\""\"">Instagram</a>\""\""\""""",chaycrow,0,FALSE,FALSE,-82.3108,34.9132
"Today?s photographer?s cigarette smoke circled the air as? https://t.co/8T1Us9IriF\"",FALSE""",FALSE,0,NA,2/26/2018 2:24,FALSE,NA,9.68E+17,NA,"\<a href=\http://instagram.com\\""\"" rel=\\""\""nofollow\\""\"">Instagram</a>\""\""\""""",edenrainee,0,FALSE,FALSE,-74.0064,40.7142
Finally back to the grind after this flu took everything I had! Sorry I haven?t posted in a? https://t.co/HJlOw3LTh5,FALSE,0,NA,2/26/2018 2:12,FALSE,NA,9.68E+17,NA,"\<a href=\http://instagram.com\\""\"" rel=\\""\""nofollow\\""\"">Instagram</a>\""\""\""""",RubyGillett,0,FALSE,FALSE,-123.1101456,49.2844429
Finally over the flu and enjoying a steak and some ice cream with Grandpa! @ Saltgrass Steak House https://t.co/9EEe3egPHX,FALSE,0,NA,2/26/2018 1:51,FALSE,NA,9.68E+17,NA,"\<a href=\http://instagram.com\\""\"" rel=\\""\""nofollow\\""\"">Instagram</a>\""\""\""""",EmileChile,0,FALSE,FALSE,-96.966362,32.99548179
Spent the weekend home with the flu so here is a throwback to a weekend where I didn't. Lead? https://t.co/jf1TFmBC2n,FALSE,0,NA,2/26/2018 1:51,FALSE,NA,9.68E+17,NA,"\<a href=\http://instagram.com\\""\"" rel=\\""\""nofollow\\""\"">Instagram</a>\""\""\""""",TnecksJeffMoses,0,FALSE,FALSE,-73.93548823,40.71596044
"#nostopping #foreverforward #flu #sick #instagood at? https://t.co/MkPYYFnR9L\"",FALSE""",FALSE,0,NA,2/26/2018 1:10,FALSE,NA,9.68E+17,NA,"\<a href=\http://instagram.com\\""\"" rel=\\""\""nofollow\\""\"">Instagram</a>\""\""\""""",sooonotpro,1,FALSE,FALSE,-118.481,34.0221
